#
# A fatal error has been detected by the Java Runtime Environment:
#
#  SIGABRT (0x6) at pc=0x000000018d3aa388, pid=54684, tid=4611
#
# JRE version: OpenJDK Runtime Environment JBR-21.0.5+8-631.16-jcef (21.0.5+8) (build 21.0.5+8-b631.16)
# Java VM: OpenJDK 64-Bit Server VM JBR-21.0.5+8-631.16-jcef (21.0.5+8-b631.16, mixed mode, sharing, tiered, compressed oops, compressed class ptrs, g1 gc, bsd-aarch64)
# Problematic frame:
# C  [libsystem_kernel.dylib+0x9388]  __pthread_kill+0x8
#
# No core dump will be written. Core dumps have been disabled. To enable core dumping, try "ulimit -c unlimited" before starting Java again
#
# If you would like to submit a bug report, please visit:
#   https://youtrack.jetbrains.com/issues/JBR
#

---------------  S U M M A R Y ------------

Command Line: -Daether.connector.resumeDownloads=false -Dapple.awt.application.appearance=system -Dcompose.swing.render.on.graphics=true -Didea.classpath.index.enabled=false -Didea.config.path=/Users/cemakar/Desktop/projects/recordrelay/plugin/build/idea-sandbox/IC-2024.3/config-test -Didea.force.use.core.classloader=true -Didea.log.path=/Users/cemakar/Desktop/projects/recordrelay/plugin/build/idea-sandbox/IC-2024.3/log-test -Didea.paths.selector=IdeaIC2024.3 -Didea.platform.prefix=Idea -Didea.plugins.path=/Users/cemakar/Desktop/projects/recordrelay/plugin/build/idea-sandbox/IC-2024.3/plugins-test -Didea.system.path=/Users/cemakar/Desktop/projects/recordrelay/plugin/build/idea-sandbox/IC-2024.3/system-test -Didea.use.core.classloader.for.plugin.path=true -Didea.vendor.name=JetBrains -Dintellij.platform.runtime.repository.path=/Users/cemakar/.gradle/caches/8.9/transforms/a25bcce369cea82ec36a432a89c992fb/transformed/ideaIC-2024.3-aarch64/modules/module-descriptors.jar -Djava.system.class.loader=com.intellij.util.lang.PathClassLoader -Djava.util.zip.use.nio.for.zip.file.access=true -Djbr.catch.SIGABRT=true -Djdk.attach.allowAttachSelf=true -Djdk.http.auth.tunneling.disabledSchemes="" -Djdk.module.illegalAccess.silent=true -Djdk.nio.maxCachedBufferSize=2097152 -Djna.boot.library.path=/Users/cemakar/.gradle/caches/8.9/transforms/a25bcce369cea82ec36a432a89c992fb/transformed/ideaIC-2024.3-aarch64/lib/jna/aarch64 -Djna.noclasspath=true -Djna.nosys=true -Dorg.gradle.internal.worker.tmpdir=/Users/cemakar/Desktop/projects/recordrelay/plugin/build/tmp/test/work -Dplugin.path=/Users/cemakar/Desktop/projects/recordrelay/plugin/build/idea-sandbox/IC-2024.3/plugins-test/plugin -Dpty4j.preferred.native.folder=/Users/cemakar/.gradle/caches/8.9/transforms/a25bcce369cea82ec36a432a89c992fb/transformed/ideaIC-2024.3-aarch64/lib/pty4j -Dsplash=true -Dsun.io.useCanonCaches=false -Dsun.java2d.metal=true -XX:+EnableDynamicAgentLoading -javaagent:/Users/cemakar/Desktop/projects/recordrelay/plugin/build/tmp/.cache/expanded/zip_ff7bf8f04f99dc306508d1c81e47a68b/jacocoagent.jar=destfile=build/jacoco/test.exec,append=true,inclnolocationclasses=false,dumponexit=true,output=file,jmx=false -XX:ReservedCodeCacheSize=512m -XX:+HeapDumpOnOutOfMemoryError -XX:-OmitStackTraceInFastThrow -XX:CICompilerCount=2 -XX:+IgnoreUnrecognizedVMOptions -XX:+UnlockDiagnosticVMOptions -XX:TieredOldPercentage=100000 -javaagent:/Users/cemakar/Desktop/projects/recordrelay/plugin/build/coroutines-javaagent.jar --add-opens=java.base/java.io=ALL-UNNAMED --add-opens=java.base/java.lang=ALL-UNNAMED --add-opens=java.base/java.lang.ref=ALL-UNNAMED --add-opens=java.base/java.lang.reflect=ALL-UNNAMED --add-opens=java.base/java.net=ALL-UNNAMED --add-opens=java.base/java.nio=ALL-UNNAMED --add-opens=java.base/java.nio.charset=ALL-UNNAMED --add-opens=java.base/java.text=ALL-UNNAMED --add-opens=java.base/java.time=ALL-UNNAMED --add-opens=java.base/java.util=ALL-UNNAMED --add-opens=java.base/java.util.concurrent=ALL-UNNAMED --add-opens=java.base/java.util.concurrent.atomic=ALL-UNNAMED --add-opens=java.base/java.util.concurrent.locks=ALL-UNNAMED --add-opens=java.base/jdk.internal.vm=ALL-UNNAMED --add-opens=java.base/sun.net.dns=ALL-UNNAMED --add-opens=java.base/sun.nio.ch=ALL-UNNAMED --add-opens=java.base/sun.nio.fs=ALL-UNNAMED --add-opens=java.base/sun.security.ssl=ALL-UNNAMED --add-opens=java.base/sun.security.util=ALL-UNNAMED --add-opens=java.desktop/com.apple.eawt=ALL-UNNAMED --add-opens=java.desktop/com.apple.eawt.event=ALL-UNNAMED --add-opens=java.desktop/com.apple.laf=ALL-UNNAMED --add-opens=java.desktop/com.sun.java.swing=ALL-UNNAMED --add-opens=java.desktop/java.awt=ALL-UNNAMED --add-opens=java.desktop/java.awt.dnd.peer=ALL-UNNAMED --add-opens=java.desktop/java.awt.event=ALL-UNNAMED --add-opens=java.desktop/java.awt.font=ALL-UNNAMED --add-opens=java.desktop/java.awt.image=ALL-UNNAMED --add-opens=java.desktop/java.awt.peer=ALL-UNNAMED --add-opens=java.desktop/javax.swing=ALL-UNNAMED --add-opens=java.desktop/javax.swing.plaf.basic=ALL-UNNAMED --add-opens=java.desktop/javax.swing.text=ALL-UNNAMED --add-opens=java.desktop/javax.swing.text.html=ALL-UNNAMED --add-opens=java.desktop/sun.awt=ALL-UNNAMED --add-opens=java.desktop/sun.awt.datatransfer=ALL-UNNAMED --add-opens=java.desktop/sun.awt.image=ALL-UNNAMED --add-opens=java.desktop/sun.font=ALL-UNNAMED --add-opens=java.desktop/sun.java2d=ALL-UNNAMED --add-opens=java.desktop/sun.lwawt=ALL-UNNAMED --add-opens=java.desktop/sun.lwawt.macosx=ALL-UNNAMED --add-opens=java.desktop/sun.swing=ALL-UNNAMED --add-opens=java.management/sun.management=ALL-UNNAMED --add-opens=jdk.attach/sun.tools.attach=ALL-UNNAMED --add-opens=jdk.compiler/com.sun.tools.javac.api=ALL-UNNAMED --add-opens=jdk.internal.jvmstat/sun.jvmstat.monitor=ALL-UNNAMED --add-opens=jdk.jdi/com.sun.tools.jdi=ALL-UNNAMED -Xms128m -Xmx2048m -Dfile.encoding=UTF-8 -Duser.country=TR -Duser.language=en -Duser.variant -ea worker.org.gradle.process.internal.worker.GradleWorkerMain 'Gradle Test Executor 103'

Host: "Mac16,1" arm64, 10 cores, 24G, Darwin 24.6.0, macOS 15.7.4 (24G517)
Time: Thu Jun 18 14:39:56 2026 +03 elapsed time: 0.255619 seconds (0d 0h 0m 0s)

---------------  T H R E A D  ---------------

Current thread (0x0000000121810c00):  JavaThread "main"             [_thread_in_vm, id=4611, stack(0x000000016dd30000,0x000000016df33000) (2060K)]

Stack: [0x000000016dd30000,0x000000016df33000],  sp=0x000000016df32bb0,  free space=2058k
Native frames: (J=compiled Java code, j=interpreted, Vv=VM code, C=native code)
C  [libsystem_kernel.dylib+0x9388]  __pthread_kill+0x8
C  [libsystem_c.dylib+0x789e4]  abort+0x7c
V  [libjvm.dylib+0x8403a0]  os::abort(bool, void*, void const*)+0x38
V  [libjvm.dylib+0x833d04]  os::print_function_and_library_name(outputStream*, unsigned char*, char*, int, bool, bool, bool)+0x0
V  [libjvm.dylib+0x524424]  jni_PushLocalFrame+0x0
V  [libjvm.dylib+0x68e974]  JvmtiExport::post_vm_initialized()+0x2b8
V  [libjvm.dylib+0xa1950c]  Threads::create_vm(JavaVMInitArgs*, bool*)+0x6c8
V  [libjvm.dylib+0x542ee0]  JNI_CreateJavaVM+0x74
C  [libjli.dylib+0xa214]  JavaMain+0x100
C  [libjli.dylib+0xd5b4]  ThreadJavaMain+0xc
C  [libsystem_pthread.dylib+0x6bc8]  _pthread_start+0x88

siginfo: si_signo: 6 (SIGABRT), si_code: 0 (unknown)

Registers:
 x0=0x0000000000000000  x1=0x0000000000000000  x2=0x0000000000000000  x3=0x0000000000000000
 x4=0x000000016df32a8c  x5=0x0000000000000001  x6=0x0000000000000038  x7=0x0000000000000000
 x8=0x3f1ad8c76c36a8a5  x9=0x3f1ad8c601c598a5 x10=0x0000000000000002 x11=0x0000010000000000
x12=0x00000000fffffffd x13=0x0000000000000000 x14=0x0000000000000000 x15=0x0000000000000000
x16=0x0000000000000148 x17=0x00000001fc3d5548 x18=0x0000000000000000 x19=0x0000000000000006
x20=0x0000000000001203 x21=0x000000016df330e0 x22=0x000000018d3ed0f8 x23=0x0000000121810c00
x24=0x0000000111804ba0 x25=0x0000000102232204 x26=0x0000000121810fb8 x27=0x0000000000000000
x28=0x0000000000000000  fp=0x000000016df32bd0  lr=0x000000018d3e3848  sp=0x000000016df32bb0
pc=0x000000018d3aa388 cpsr=0x0000000040000000

Register to memory mapping:

x0 =0x0 is null
x1 =0x0 is null
x2 =0x0 is null
x3 =0x0 is null
x4 =0x000000016df32a8c is pointing into the stack for thread: 0x0000000121810c00
x5 =0x0000000000000001 is an unknown value
x6 =0x0000000000000038 is an unknown value
x7 =0x0 is null
x8 =0x3f1ad8c76c36a8a5 is an unknown value
x9 =0x3f1ad8c601c598a5 is an unknown value
x10=0x0000000000000002 is an unknown value
x11=0x0000010000000000 is an unknown value
x12=0x00000000fffffffd is an unknown value
x13=0x0 is null
x14=0x0 is null
x15=0x0 is null
x16=0x0000000000000148 is an unknown value
x17=0x00000001fc3d5548 points into unknown readable memory: 0x000000018d3aa380 | 80 a3 3a 8d 01 00 00 00
x18=0x0 is null
x19=0x0000000000000006 is an unknown value
x20=0x0000000000001203 is an unknown value
x21=0x000000016df330e0 points into unknown readable memory: 0x000000016df33000 | 00 30 f3 6d 01 00 00 00
x22=0x000000018d3ed0f8: _tlv_get_addr+0 in /usr/lib/system/libdyld.dylib at 0x000000018d3ea000
x23=0x0000000121810c00 is a thread
x24=0x0000000111804ba0 points into unknown readable memory: 0x00000007810b3d10 | 10 3d 0b 81 07 00 00 00
x25=0x0000000102232204: eventHandlerVMInit+0 in /Users/cemakar/.gradle/caches/8.9/transforms/a25bcce369cea82ec36a432a89c992fb/transformed/ideaIC-2024.3-aarch64/jbr/Contents/Home/lib/libinstrument.dylib at 0x0000000102230000
x26=0x0000000121810fb8 points into unknown readable memory: 0x000000010450b740 | 40 b7 50 04 01 00 00 00
x27=0x0 is null
x28=0x0 is null
 fp=0x000000016df32bd0 is pointing into the stack for thread: 0x0000000121810c00
 lr=0x000000018d3e3848: pthread_kill+0x128 in /usr/lib/system/libsystem_pthread.dylib at 0x000000018d3dd000
 sp=0x000000016df32bb0 is pointing into the stack for thread: 0x0000000121810c00

Top of Stack: (sp=0x000000016df32bb0)
0x000000016df32bb0:   000000018d3ed0f8 0000000121810c00
0x000000016df32bc0:   000000016df32bf0 000000016df33000
0x000000016df32bd0:   000000016df32c10 000000018d2ec9e4
0x000000016df32be0:   0000000121810fb8 ffffffff00000001
0x000000016df32bf0:   0000000000000000 00000000fffff9df
0x000000016df32c00:   0000000121810fb8 0000000000000001
0x000000016df32c10:   000000016df32c30 000000010402c3a0
0x000000016df32c20:   0000000121810fb8 0000000102236e54
0x000000016df32c30:   000000016df32c40 000000010401fd04
0x000000016df32c40:   000000016df32cc0 0000000103d10424
0x000000016df32c50:   0000000102236e54 0000000121810c00
0x000000016df32c60:   0000000121810c00 0000000000000000
0x000000016df32c70:   000060000145c088 0000000121810fb8
0x000000016df32c80:   0000000121810c00 00000001022322e8
0x000000016df32c90:   0000000121810c00 0000220400000000
0x000000016df32ca0:   000000018d3ed0f8 000000010452e2b8
0x000000016df32cb0:   000000016df32d10 0000000131604080
0x000000016df32cc0:   000000016df32da0 0000000103e7a974
0x000000016df32cd0:   0000000900000000 0000000121810c00
0x000000016df32ce0:   0000600003454030 0000000121604720
0x000000016df32cf0:   0000000121604730 0000000121604b08
0x000000016df32d00:   00000000000003d8 0000000121810c00
0x000000016df32d10:   0000000121810c00 0000600002f59e00
0x000000016df32d20:   0000600000554000 00006000005540c0
0x000000016df32d30:   00006000005540e8 00000000000000d8
0x000000016df32d40:   000000016df32dd0 fc5606ff254c00c5
0x000000016df32d50:   0000000000000000 0000000000000000
0x000000016df32d60:   0000000141811a00 0000000103d2ee6c
0x000000016df32d70:   0000000000000060 0000000104517000
0x000000016df32d80:   0000000103fce050 000000010453cdd5
0x000000016df32d90:   0000000000000000 0000000121810c00
0x000000016df32da0:   000000016df32e80 000000010420550c 

Instructions: (pc=0x000000018d3aa388)
0x000000018d3aa288:   f6 57 4b a9 f8 5f 4a a9 fa 67 49 a9 ff 83 03 91
0x000000018d3aa298:   ff 0f 5f d6 f8 23 40 b9 b8 fe ff 35 f9 3b 40 b9
0x000000018d3aa2a8:   3f 4f 00 71 28 fe ff 54 09 f1 00 51 3f 0b 49 6b
0x000000018d3aa2b8:   c8 fd ff 54 22 f7 7e d3 49 f0 00 11 1f 01 09 6b
0x000000018d3aa2c8:   41 fd ff 54 e8 43 42 f8 e8 02 00 f9 e8 c3 42 f8
0x000000018d3aa2d8:   c8 02 00 f9 e8 37 40 b9 a8 02 00 b9 69 02 40 b9
0x000000018d3aa2e8:   e8 03 00 91 3f 03 09 6b 09 01 00 54 22 f5 7e d3
0x000000018d3aa2f8:   01 f1 00 91 e0 03 14 aa fb de ff 97 79 02 00 b9
0x000000018d3aa308:   58 26 80 12 dc ff ff 17 01 f1 00 91 e0 03 14 aa
0x000000018d3aa318:   f5 de ff 97 18 00 80 52 79 02 00 b9 d6 ff ff 17
0x000000018d3aa328:   90 0c 80 d2 01 10 00 d4 03 01 00 54 7f 23 03 d5
0x000000018d3aa338:   fd 7b bf a9 fd 03 00 91 a6 e0 ff 97 bf 03 00 91
0x000000018d3aa348:   fd 7b c1 a8 ff 0f 5f d6 c0 03 5f d6 d0 37 80 d2
0x000000018d3aa358:   01 10 00 d4 03 01 00 54 7f 23 03 d5 fd 7b bf a9
0x000000018d3aa368:   fd 03 00 91 9b e0 ff 97 bf 03 00 91 fd 7b c1 a8
0x000000018d3aa378:   ff 0f 5f d6 c0 03 5f d6 10 29 80 d2 01 10 00 d4
0x000000018d3aa388:   03 01 00 54 7f 23 03 d5 fd 7b bf a9 fd 03 00 91
0x000000018d3aa398:   90 e0 ff 97 bf 03 00 91 fd 7b c1 a8 ff 0f 5f d6
0x000000018d3aa3a8:   c0 03 5f d6 70 0a 80 d2 01 10 00 d4 03 01 00 54
0x000000018d3aa3b8:   7f 23 03 d5 fd 7b bf a9 fd 03 00 91 85 e0 ff 97
0x000000018d3aa3c8:   bf 03 00 91 fd 7b c1 a8 ff 0f 5f d6 c0 03 5f d6
0x000000018d3aa3d8:   70 30 80 d2 01 10 00 d4 03 01 00 54 7f 23 03 d5
0x000000018d3aa3e8:   fd 7b bf a9 fd 03 00 91 7a e0 ff 97 bf 03 00 91
0x000000018d3aa3f8:   fd 7b c1 a8 ff 0f 5f d6 c0 03 5f d6 64 01 00 34
0x000000018d3aa408:   68 d0 3b d5 e9 fe 36 d0 29 21 23 91 08 05 40 f9
0x000000018d3aa418:   1f 01 00 f1 28 01 88 9a c9 02 80 52 09 01 00 b9
0x000000018d3aa428:   00 00 80 12 c0 03 5f d6 04 08 80 52 ce eb ff 17
0x000000018d3aa438:   50 0d 80 d2 01 10 00 d4 03 01 00 54 7f 23 03 d5
0x000000018d3aa448:   fd 7b bf a9 fd 03 00 91 62 e0 ff 97 bf 03 00 91
0x000000018d3aa458:   fd 7b c1 a8 ff 0f 5f d6 c0 03 5f d6 d0 03 80 d2
0x000000018d3aa468:   01 10 00 d4 03 01 00 54 7f 23 03 d5 fd 7b bf a9
0x000000018d3aa478:   fd 03 00 91 06 e4 ff 97 bf 03 00 91 fd 7b c1 a8 


Stack slot to memory mapping:

stack at sp + 0 slots: 0x000000018d3ed0f8: _tlv_get_addr+0 in /usr/lib/system/libdyld.dylib at 0x000000018d3ea000
stack at sp + 1 slots: 0x0000000121810c00 is a thread
stack at sp + 2 slots: 0x000000016df32bf0 is pointing into the stack for thread: 0x0000000121810c00
stack at sp + 3 slots: 0x000000016df33000 points into unknown readable memory: 0x3f1ad8c76c36a8a5 | a5 a8 36 6c c7 d8 1a 3f
stack at sp + 4 slots: 0x000000016df32c10 is pointing into the stack for thread: 0x0000000121810c00
stack at sp + 5 slots: 0x000000018d2ec9e4: abort+0x7c in /usr/lib/system/libsystem_c.dylib at 0x000000018d274000
stack at sp + 6 slots: 0x0000000121810fb8 points into unknown readable memory: 0x000000010450b740 | 40 b7 50 04 01 00 00 00
stack at sp + 7 slots: 0xffffffff00000001 is an unknown value


---------------  P R O C E S S  ---------------

Threads class SMR info:
_java_thread_list=0x0000600003a6ca80, length=9, elements={
0x0000000121810c00, 0x000000010f012600, 0x000000010e00ce00, 0x0000000121849c00,
0x000000012184a600, 0x000000012184ae00, 0x0000000131809e00, 0x000000013180c800,
0x000000012185b600
}

Java Threads: ( => current thread )
=>0x0000000121810c00 JavaThread "main"                              [_thread_in_vm, id=4611, stack(0x000000016dd30000,0x000000016df33000) (2060K)]
  0x000000010f012600 JavaThread "Reference Handler"          daemon [_thread_blocked, id=23299, stack(0x000000016eea8000,0x000000016f0ab000) (2060K)]
  0x000000010e00ce00 JavaThread "Finalizer"                  daemon [_thread_blocked, id=28675, stack(0x000000016f0b4000,0x000000016f2b7000) (2060K)]
  0x0000000121849c00 JavaThread "Signal Dispatcher"          daemon [_thread_blocked, id=28419, stack(0x000000016f2c0000,0x000000016f4c3000) (2060K)]
  0x000000012184a600 JavaThread "Service Thread"             daemon [_thread_blocked, id=24067, stack(0x000000016f4cc000,0x000000016f6cf000) (2060K)]
  0x000000012184ae00 JavaThread "Monitor Deflation Thread"   daemon [_thread_blocked, id=27907, stack(0x000000016f6d8000,0x000000016f8db000) (2060K)]
  0x0000000131809e00 JavaThread "C2 CompilerThread0"         daemon [_thread_blocked, id=27395, stack(0x000000016f8e4000,0x000000016fae7000) (2060K)]
  0x000000013180c800 JavaThread "C1 CompilerThread0"         daemon [_thread_blocked, id=24579, stack(0x000000016faf0000,0x000000016fcf3000) (2060K)]
  0x000000012185b600 JavaThread "Common-Cleaner"             daemon [_thread_blocked, id=25091, stack(0x000000016fcfc000,0x000000016feff000) (2060K)]
Total: 9

Other Threads:
  0x0000000131605310 VMThread "VM Thread"                           [id=19971, stack(0x000000016eb84000,0x000000016ed87000) (2060K)]
  0x0000000121607a10 WatcherThread "VM Periodic Task Thread"        [id=20739, stack(0x000000016e978000,0x000000016eb7b000) (2060K)]
  0x0000000121606bb0 WorkerThread "GC Thread#0"                     [id=12035, stack(0x000000016df3c000,0x000000016e13f000) (2060K)]
  0x0000000121623ca0 WorkerThread "GC Thread#1"                     [id=26883, stack(0x0000000320004000,0x0000000320207000) (2060K)]
  0x000000014160c3f0 WorkerThread "GC Thread#2"                     [id=25603, stack(0x0000000320210000,0x0000000320413000) (2060K)]
  0x00000001116043d0 ConcurrentGCThread "G1 Main Marker"            [id=12291, stack(0x000000016e148000,0x000000016e34b000) (2060K)]
  0x0000000111604d40 WorkerThread "G1 Conc#0"                       [id=13571, stack(0x000000016e354000,0x000000016e557000) (2060K)]
  0x000000014206c800 ConcurrentGCThread "G1 Refine#0"               [id=13059, stack(0x000000016e560000,0x000000016e763000) (2060K)]
  0x0000000111607520 ConcurrentGCThread "G1 Service"                [id=21507, stack(0x000000016e76c000,0x000000016e96f000) (2060K)]
Total: 9

Threads with active compile tasks:
Total: 0

VM state: not at safepoint (normal execution)

VM Mutex/Monitor currently owned by a thread: None

Heap address: 0x0000000780000000, size: 2048 MB, Compressed Oops mode: Zero based, Oop shift amount: 3

CDS archive(s) mapped at: [0x0000009000000000-0x0000009000d2c000-0x0000009000d2c000), size 13811712, SharedBaseAddress: 0x0000009000000000, ArchiveRelocationMode: 1.
Compressed class space mapped at: 0x0000009001000000-0x0000009041000000, reserved size: 1073741824
Narrow klass base: 0x0000009000000000, Narrow klass shift: 0, Narrow klass range: 0x100000000

GC Precious Log:
 CardTable entry size: 512
 Card Set container configuration: InlinePtr #cards 5 size 8 Array Of Cards #cards 12 size 40 Howl #buckets 4 coarsen threshold 1843 Howl Bitmap #cards 512 size 80 coarsen threshold 460 Card regions per heap region 1 cards per card region 2048
 CPUs: 10 total, 10 available
 Memory: 24576M
 Large Page Support: Disabled
 NUMA Support: Disabled
 Compressed Oops: Enabled (Zero based)
 Heap Region Size: 1M
 Heap Min Capacity: 128M
 Heap Initial Capacity: 128M
 Heap Max Capacity: 2G
 Pre-touch: Disabled
 Parallel Workers: 9
 Concurrent Workers: 2
 Concurrent Refinement Workers: 9
 Periodic GC: Disabled

Heap:
 garbage-first heap   total 133120K, used 46852K [0x0000000780000000, 0x0000000800000000)
  region size 1024K, 12 young (12288K), 4 survivors (4096K)
 Metaspace       used 1825K, committed 2048K, reserved 1114112K
  class space    used 163K, committed 256K, reserved 1048576K

Heap Regions: E=young(eden), S=young(survivor), O=old, HS=humongous(starts), HC=humongous(continues), CS=collection set, F=free, TAMS=top-at-mark-start, PB=parsable bottom
|   0|0x0000000780000000, 0x0000000780100000, 0x0000000780100000|100%|HS|  |TAMS 0x0000000780000000| PB 0x0000000780000000| Complete 
|   1|0x0000000780100000, 0x0000000780200000, 0x0000000780200000|100%|HC|  |TAMS 0x0000000780100000| PB 0x0000000780100000| Complete 
|   2|0x0000000780200000, 0x0000000780300000, 0x0000000780300000|100%|HS|  |TAMS 0x0000000780200000| PB 0x0000000780200000| Complete 
|   3|0x0000000780300000, 0x0000000780400000, 0x0000000780400000|100%| O|  |TAMS 0x0000000780300000| PB 0x0000000780300000| Untracked 
|   4|0x0000000780400000, 0x0000000780500000, 0x0000000780500000|100%| O|  |TAMS 0x0000000780400000| PB 0x0000000780400000| Untracked 
|   5|0x0000000780500000, 0x0000000780600000, 0x0000000780600000|100%| O|  |TAMS 0x0000000780500000| PB 0x0000000780500000| Untracked 
|   6|0x0000000780600000, 0x0000000780700000, 0x0000000780700000|100%| O|  |TAMS 0x0000000780600000| PB 0x0000000780600000| Untracked 
|   7|0x0000000780700000, 0x0000000780800000, 0x0000000780800000|100%| O|  |TAMS 0x0000000780700000| PB 0x0000000780700000| Untracked 
|   8|0x0000000780800000, 0x0000000780900000, 0x0000000780900000|100%| O|  |TAMS 0x0000000780800000| PB 0x0000000780800000| Untracked 
|   9|0x0000000780900000, 0x0000000780a00000, 0x0000000780a00000|100%| O|  |TAMS 0x0000000780900000| PB 0x0000000780900000| Untracked 
|  10|0x0000000780a00000, 0x0000000780b00000, 0x0000000780b00000|100%| O|  |TAMS 0x0000000780a00000| PB 0x0000000780a00000| Untracked 
|  11|0x0000000780b00000, 0x0000000780c00000, 0x0000000780c00000|100%| O|  |TAMS 0x0000000780b00000| PB 0x0000000780b00000| Untracked 
|  12|0x0000000780c00000, 0x0000000780d00000, 0x0000000780d00000|100%| O|  |TAMS 0x0000000780c00000| PB 0x0000000780c00000| Untracked 
|  13|0x0000000780d00000, 0x0000000780e00000, 0x0000000780e00000|100%| O|  |TAMS 0x0000000780d00000| PB 0x0000000780d00000| Untracked 
|  14|0x0000000780e00000, 0x0000000780f00000, 0x0000000780f00000|100%| O|  |TAMS 0x0000000780e00000| PB 0x0000000780e00000| Untracked 
|  15|0x0000000780f00000, 0x0000000781000000, 0x0000000781000000|100%| O|  |TAMS 0x0000000780f00000| PB 0x0000000780f00000| Untracked 
|  16|0x0000000781000000, 0x0000000781100000, 0x0000000781100000|100%| O|  |TAMS 0x0000000781000000| PB 0x0000000781000000| Untracked 
|  17|0x0000000781100000, 0x0000000781200000, 0x0000000781200000|100%| O|  |TAMS 0x0000000781100000| PB 0x0000000781100000| Untracked 
|  18|0x0000000781200000, 0x0000000781300000, 0x0000000781300000|100%| O|  |TAMS 0x0000000781200000| PB 0x0000000781200000| Untracked 
|  19|0x0000000781300000, 0x0000000781400000, 0x0000000781400000|100%| O|  |TAMS 0x0000000781300000| PB 0x0000000781300000| Untracked 
|  20|0x0000000781400000, 0x0000000781500000, 0x0000000781500000|100%| O|  |TAMS 0x0000000781400000| PB 0x0000000781400000| Untracked 
|  21|0x0000000781500000, 0x0000000781600000, 0x0000000781600000|100%| O|  |TAMS 0x0000000781500000| PB 0x0000000781500000| Untracked 
|  22|0x0000000781600000, 0x0000000781700000, 0x0000000781700000|100%|HS|  |TAMS 0x0000000781600000| PB 0x0000000781600000| Complete 
|  23|0x0000000781700000, 0x0000000781800000, 0x0000000781800000|100%|HS|  |TAMS 0x0000000781700000| PB 0x0000000781700000| Complete 
|  24|0x0000000781800000, 0x0000000781800000, 0x0000000781900000|  0%| F|  |TAMS 0x0000000781800000| PB 0x0000000781800000| Untracked 
|  25|0x0000000781900000, 0x0000000781a00000, 0x0000000781a00000|100%|HS|  |TAMS 0x0000000781900000| PB 0x0000000781900000| Complete 
|  26|0x0000000781a00000, 0x0000000781b00000, 0x0000000781b00000|100%|HC|  |TAMS 0x0000000781a00000| PB 0x0000000781a00000| Complete 
|  27|0x0000000781b00000, 0x0000000781c00000, 0x0000000781c00000|100%|HS|  |TAMS 0x0000000781b00000| PB 0x0000000781b00000| Complete 
|  28|0x0000000781c00000, 0x0000000781d00000, 0x0000000781d00000|100%|HC|  |TAMS 0x0000000781c00000| PB 0x0000000781c00000| Complete 
|  29|0x0000000781d00000, 0x0000000781e00000, 0x0000000781e00000|100%|HS|  |TAMS 0x0000000781d00000| PB 0x0000000781d00000| Complete 
|  30|0x0000000781e00000, 0x0000000781f00000, 0x0000000781f00000|100%|HS|  |TAMS 0x0000000781e00000| PB 0x0000000781e00000| Complete 
|  31|0x0000000781f00000, 0x0000000782000000, 0x0000000782000000|100%| O|  |TAMS 0x0000000781f00000| PB 0x0000000781f00000| Untracked 
|  32|0x0000000782000000, 0x0000000782100000, 0x0000000782100000|100%| O|  |TAMS 0x0000000782000000| PB 0x0000000782000000| Untracked 
|  33|0x0000000782100000, 0x0000000782200000, 0x0000000782200000|100%| O|  |TAMS 0x0000000782100000| PB 0x0000000782100000| Untracked 
|  34|0x0000000782200000, 0x0000000782300000, 0x0000000782300000|100%| O|  |TAMS 0x0000000782200000| PB 0x0000000782200000| Untracked 
|  35|0x0000000782300000, 0x00000007823ba190, 0x0000000782400000| 72%| O|  |TAMS 0x0000000782300000| PB 0x0000000782300000| Untracked 
|  36|0x0000000782400000, 0x0000000782400000, 0x0000000782500000|  0%| F|  |TAMS 0x0000000782400000| PB 0x0000000782400000| Untracked 
|  37|0x0000000782500000, 0x0000000782500000, 0x0000000782600000|  0%| F|  |TAMS 0x0000000782500000| PB 0x0000000782500000| Untracked 
|  38|0x0000000782600000, 0x0000000782600000, 0x0000000782700000|  0%| F|  |TAMS 0x0000000782600000| PB 0x0000000782600000| Untracked 
|  39|0x0000000782700000, 0x0000000782700000, 0x0000000782800000|  0%| F|  |TAMS 0x0000000782700000| PB 0x0000000782700000| Untracked 
|  40|0x0000000782800000, 0x0000000782800000, 0x0000000782900000|  0%| F|  |TAMS 0x0000000782800000| PB 0x0000000782800000| Untracked 
|  41|0x0000000782900000, 0x0000000782900000, 0x0000000782a00000|  0%| F|  |TAMS 0x0000000782900000| PB 0x0000000782900000| Untracked 
|  42|0x0000000782a00000, 0x0000000782a00000, 0x0000000782b00000|  0%| F|  |TAMS 0x0000000782a00000| PB 0x0000000782a00000| Untracked 
|  43|0x0000000782b00000, 0x0000000782b00000, 0x0000000782c00000|  0%| F|  |TAMS 0x0000000782b00000| PB 0x0000000782b00000| Untracked 
|  44|0x0000000782c00000, 0x0000000782c00000, 0x0000000782d00000|  0%| F|  |TAMS 0x0000000782c00000| PB 0x0000000782c00000| Untracked 
|  45|0x0000000782d00000, 0x0000000782d00000, 0x0000000782e00000|  0%| F|  |TAMS 0x0000000782d00000| PB 0x0000000782d00000| Untracked 
|  46|0x0000000782e00000, 0x0000000782e00000, 0x0000000782f00000|  0%| F|  |TAMS 0x0000000782e00000| PB 0x0000000782e00000| Untracked 
|  47|0x0000000782f00000, 0x0000000782f00000, 0x0000000783000000|  0%| F|  |TAMS 0x0000000782f00000| PB 0x0000000782f00000| Untracked 
|  48|0x0000000783000000, 0x0000000783000000, 0x0000000783100000|  0%| F|  |TAMS 0x0000000783000000| PB 0x0000000783000000| Untracked 
|  49|0x0000000783100000, 0x0000000783100000, 0x0000000783200000|  0%| F|  |TAMS 0x0000000783100000| PB 0x0000000783100000| Untracked 
|  50|0x0000000783200000, 0x0000000783200000, 0x0000000783300000|  0%| F|  |TAMS 0x0000000783200000| PB 0x0000000783200000| Untracked 
|  51|0x0000000783300000, 0x0000000783300000, 0x0000000783400000|  0%| F|  |TAMS 0x0000000783300000| PB 0x0000000783300000| Untracked 
|  52|0x0000000783400000, 0x0000000783400000, 0x0000000783500000|  0%| F|  |TAMS 0x0000000783400000| PB 0x0000000783400000| Untracked 
|  53|0x0000000783500000, 0x0000000783500000, 0x0000000783600000|  0%| F|  |TAMS 0x0000000783500000| PB 0x0000000783500000| Untracked 
|  54|0x0000000783600000, 0x0000000783600000, 0x0000000783700000|  0%| F|  |TAMS 0x0000000783600000| PB 0x0000000783600000| Untracked 
|  55|0x0000000783700000, 0x0000000783700000, 0x0000000783800000|  0%| F|  |TAMS 0x0000000783700000| PB 0x0000000783700000| Untracked 
|  56|0x0000000783800000, 0x0000000783800000, 0x0000000783900000|  0%| F|  |TAMS 0x0000000783800000| PB 0x0000000783800000| Untracked 
|  57|0x0000000783900000, 0x0000000783900000, 0x0000000783a00000|  0%| F|  |TAMS 0x0000000783900000| PB 0x0000000783900000| Untracked 
|  58|0x0000000783a00000, 0x0000000783a00000, 0x0000000783b00000|  0%| F|  |TAMS 0x0000000783a00000| PB 0x0000000783a00000| Untracked 
|  59|0x0000000783b00000, 0x0000000783b00000, 0x0000000783c00000|  0%| F|  |TAMS 0x0000000783b00000| PB 0x0000000783b00000| Untracked 
|  60|0x0000000783c00000, 0x0000000783c00000, 0x0000000783d00000|  0%| F|  |TAMS 0x0000000783c00000| PB 0x0000000783c00000| Untracked 
|  61|0x0000000783d00000, 0x0000000783d00000, 0x0000000783e00000|  0%| F|  |TAMS 0x0000000783d00000| PB 0x0000000783d00000| Untracked 
|  62|0x0000000783e00000, 0x0000000783e00000, 0x0000000783f00000|  0%| F|  |TAMS 0x0000000783e00000| PB 0x0000000783e00000| Untracked 
|  63|0x0000000783f00000, 0x0000000783f00000, 0x0000000784000000|  0%| F|  |TAMS 0x0000000783f00000| PB 0x0000000783f00000| Untracked 
|  64|0x0000000784000000, 0x0000000784000000, 0x0000000784100000|  0%| F|  |TAMS 0x0000000784000000| PB 0x0000000784000000| Untracked 
|  65|0x0000000784100000, 0x0000000784100000, 0x0000000784200000|  0%| F|  |TAMS 0x0000000784100000| PB 0x0000000784100000| Untracked 
|  66|0x0000000784200000, 0x0000000784200000, 0x0000000784300000|  0%| F|  |TAMS 0x0000000784200000| PB 0x0000000784200000| Untracked 
|  67|0x0000000784300000, 0x0000000784300000, 0x0000000784400000|  0%| F|  |TAMS 0x0000000784300000| PB 0x0000000784300000| Untracked 
|  68|0x0000000784400000, 0x0000000784400000, 0x0000000784500000|  0%| F|  |TAMS 0x0000000784400000| PB 0x0000000784400000| Untracked 
|  69|0x0000000784500000, 0x0000000784500000, 0x0000000784600000|  0%| F|  |TAMS 0x0000000784500000| PB 0x0000000784500000| Untracked 
|  70|0x0000000784600000, 0x0000000784600000, 0x0000000784700000|  0%| F|  |TAMS 0x0000000784600000| PB 0x0000000784600000| Untracked 
|  71|0x0000000784700000, 0x0000000784700000, 0x0000000784800000|  0%| F|  |TAMS 0x0000000784700000| PB 0x0000000784700000| Untracked 
|  72|0x0000000784800000, 0x0000000784800000, 0x0000000784900000|  0%| F|  |TAMS 0x0000000784800000| PB 0x0000000784800000| Untracked 
|  73|0x0000000784900000, 0x0000000784900000, 0x0000000784a00000|  0%| F|  |TAMS 0x0000000784900000| PB 0x0000000784900000| Untracked 
|  74|0x0000000784a00000, 0x0000000784a00000, 0x0000000784b00000|  0%| F|  |TAMS 0x0000000784a00000| PB 0x0000000784a00000| Untracked 
|  75|0x0000000784b00000, 0x0000000784b00000, 0x0000000784c00000|  0%| F|  |TAMS 0x0000000784b00000| PB 0x0000000784b00000| Untracked 
|  76|0x0000000784c00000, 0x0000000784c00000, 0x0000000784d00000|  0%| F|  |TAMS 0x0000000784c00000| PB 0x0000000784c00000| Untracked 
|  77|0x0000000784d00000, 0x0000000784d00000, 0x0000000784e00000|  0%| F|  |TAMS 0x0000000784d00000| PB 0x0000000784d00000| Untracked 
|  78|0x0000000784e00000, 0x0000000784e00000, 0x0000000784f00000|  0%| F|  |TAMS 0x0000000784e00000| PB 0x0000000784e00000| Untracked 
|  79|0x0000000784f00000, 0x0000000784f00000, 0x0000000785000000|  0%| F|  |TAMS 0x0000000784f00000| PB 0x0000000784f00000| Untracked 
|  80|0x0000000785000000, 0x0000000785000000, 0x0000000785100000|  0%| F|  |TAMS 0x0000000785000000| PB 0x0000000785000000| Untracked 
|  81|0x0000000785100000, 0x0000000785100000, 0x0000000785200000|  0%| F|  |TAMS 0x0000000785100000| PB 0x0000000785100000| Untracked 
|  82|0x0000000785200000, 0x0000000785200000, 0x0000000785300000|  0%| F|  |TAMS 0x0000000785200000| PB 0x0000000785200000| Untracked 
|  83|0x0000000785300000, 0x0000000785300000, 0x0000000785400000|  0%| F|  |TAMS 0x0000000785300000| PB 0x0000000785300000| Untracked 
|  84|0x0000000785400000, 0x0000000785400000, 0x0000000785500000|  0%| F|  |TAMS 0x0000000785400000| PB 0x0000000785400000| Untracked 
|  85|0x0000000785500000, 0x0000000785500000, 0x0000000785600000|  0%| F|  |TAMS 0x0000000785500000| PB 0x0000000785500000| Untracked 
|  86|0x0000000785600000, 0x0000000785600000, 0x0000000785700000|  0%| F|  |TAMS 0x0000000785600000| PB 0x0000000785600000| Untracked 
|  87|0x0000000785700000, 0x0000000785700000, 0x0000000785800000|  0%| F|  |TAMS 0x0000000785700000| PB 0x0000000785700000| Untracked 
|  88|0x0000000785800000, 0x0000000785800000, 0x0000000785900000|  0%| F|  |TAMS 0x0000000785800000| PB 0x0000000785800000| Untracked 
|  89|0x0000000785900000, 0x0000000785900000, 0x0000000785a00000|  0%| F|  |TAMS 0x0000000785900000| PB 0x0000000785900000| Untracked 
|  90|0x0000000785a00000, 0x0000000785a00000, 0x0000000785b00000|  0%| F|  |TAMS 0x0000000785a00000| PB 0x0000000785a00000| Untracked 
|  91|0x0000000785b00000, 0x0000000785b00000, 0x0000000785c00000|  0%| F|  |TAMS 0x0000000785b00000| PB 0x0000000785b00000| Untracked 
|  92|0x0000000785c00000, 0x0000000785c00000, 0x0000000785d00000|  0%| F|  |TAMS 0x0000000785c00000| PB 0x0000000785c00000| Untracked 
|  93|0x0000000785d00000, 0x0000000785d00000, 0x0000000785e00000|  0%| F|  |TAMS 0x0000000785d00000| PB 0x0000000785d00000| Untracked 
|  94|0x0000000785e00000, 0x0000000785f00000, 0x0000000785f00000|100%| S|CS|TAMS 0x0000000785e00000| PB 0x0000000785e00000| Complete 
|  95|0x0000000785f00000, 0x0000000786000000, 0x0000000786000000|100%| S|CS|TAMS 0x0000000785f00000| PB 0x0000000785f00000| Complete 
|  96|0x0000000786000000, 0x0000000786100000, 0x0000000786100000|100%| S|CS|TAMS 0x0000000786000000| PB 0x0000000786000000| Complete 
|  97|0x0000000786100000, 0x0000000786200000, 0x0000000786200000|100%| S|CS|TAMS 0x0000000786100000| PB 0x0000000786100000| Complete 
|  98|0x0000000786200000, 0x0000000786200000, 0x0000000786300000|  0%| F|  |TAMS 0x0000000786200000| PB 0x0000000786200000| Untracked 
|  99|0x0000000786300000, 0x0000000786300000, 0x0000000786400000|  0%| F|  |TAMS 0x0000000786300000| PB 0x0000000786300000| Untracked 
| 100|0x0000000786400000, 0x0000000786400000, 0x0000000786500000|  0%| F|  |TAMS 0x0000000786400000| PB 0x0000000786400000| Untracked 
| 101|0x0000000786500000, 0x0000000786500000, 0x0000000786600000|  0%| F|  |TAMS 0x0000000786500000| PB 0x0000000786500000| Untracked 
| 102|0x0000000786600000, 0x0000000786600000, 0x0000000786700000|  0%| F|  |TAMS 0x0000000786600000| PB 0x0000000786600000| Untracked 
| 103|0x0000000786700000, 0x0000000786700000, 0x0000000786800000|  0%| F|  |TAMS 0x0000000786700000| PB 0x0000000786700000| Untracked 
| 104|0x0000000786800000, 0x0000000786800000, 0x0000000786900000|  0%| F|  |TAMS 0x0000000786800000| PB 0x0000000786800000| Untracked 
| 105|0x0000000786900000, 0x0000000786900000, 0x0000000786a00000|  0%| F|  |TAMS 0x0000000786900000| PB 0x0000000786900000| Untracked 
| 106|0x0000000786a00000, 0x0000000786a00000, 0x0000000786b00000|  0%| F|  |TAMS 0x0000000786a00000| PB 0x0000000786a00000| Untracked 
| 107|0x0000000786b00000, 0x0000000786b00000, 0x0000000786c00000|  0%| F|  |TAMS 0x0000000786b00000| PB 0x0000000786b00000| Untracked 
| 108|0x0000000786c00000, 0x0000000786c00000, 0x0000000786d00000|  0%| F|  |TAMS 0x0000000786c00000| PB 0x0000000786c00000| Untracked 
| 109|0x0000000786d00000, 0x0000000786d00000, 0x0000000786e00000|  0%| F|  |TAMS 0x0000000786d00000| PB 0x0000000786d00000| Untracked 
| 110|0x0000000786e00000, 0x0000000786e00000, 0x0000000786f00000|  0%| F|  |TAMS 0x0000000786e00000| PB 0x0000000786e00000| Untracked 
| 111|0x0000000786f00000, 0x0000000786f00000, 0x0000000787000000|  0%| F|  |TAMS 0x0000000786f00000| PB 0x0000000786f00000| Untracked 
| 112|0x0000000787000000, 0x0000000787000000, 0x0000000787100000|  0%| F|  |TAMS 0x0000000787000000| PB 0x0000000787000000| Untracked 
| 113|0x0000000787100000, 0x0000000787100000, 0x0000000787200000|  0%| F|  |TAMS 0x0000000787100000| PB 0x0000000787100000| Untracked 
| 114|0x0000000787200000, 0x0000000787200000, 0x0000000787300000|  0%| F|  |TAMS 0x0000000787200000| PB 0x0000000787200000| Untracked 
| 115|0x0000000787300000, 0x0000000787300000, 0x0000000787400000|  0%| F|  |TAMS 0x0000000787300000| PB 0x0000000787300000| Untracked 
| 116|0x0000000787400000, 0x0000000787400000, 0x0000000787500000|  0%| F|  |TAMS 0x0000000787400000| PB 0x0000000787400000| Untracked 
| 117|0x0000000787500000, 0x0000000787500000, 0x0000000787600000|  0%| F|  |TAMS 0x0000000787500000| PB 0x0000000787500000| Untracked 
| 118|0x0000000787600000, 0x0000000787600000, 0x0000000787700000|  0%| F|  |TAMS 0x0000000787600000| PB 0x0000000787600000| Untracked 
| 119|0x0000000787700000, 0x0000000787700000, 0x0000000787800000|  0%| F|  |TAMS 0x0000000787700000| PB 0x0000000787700000| Untracked 
| 120|0x0000000787800000, 0x00000007878b0030, 0x0000000787900000| 68%| E|  |TAMS 0x0000000787800000| PB 0x0000000787800000| Complete 
| 121|0x0000000787900000, 0x0000000787a00000, 0x0000000787a00000|100%| E|CS|TAMS 0x0000000787900000| PB 0x0000000787900000| Complete 
| 122|0x0000000787a00000, 0x0000000787b00000, 0x0000000787b00000|100%| E|CS|TAMS 0x0000000787a00000| PB 0x0000000787a00000| Complete 
| 123|0x0000000787b00000, 0x0000000787c00000, 0x0000000787c00000|100%| E|CS|TAMS 0x0000000787b00000| PB 0x0000000787b00000| Complete 
| 124|0x0000000787c00000, 0x0000000787d00000, 0x0000000787d00000|100%| E|  |TAMS 0x0000000787c00000| PB 0x0000000787c00000| Complete 
| 125|0x0000000787d00000, 0x0000000787e00000, 0x0000000787e00000|100%| E|CS|TAMS 0x0000000787d00000| PB 0x0000000787d00000| Complete 
| 126|0x0000000787e00000, 0x0000000787f00000, 0x0000000787f00000|100%| E|CS|TAMS 0x0000000787e00000| PB 0x0000000787e00000| Complete 
| 127|0x0000000787f00000, 0x0000000788000000, 0x0000000788000000|100%| E|CS|TAMS 0x0000000787f00000| PB 0x0000000787f00000| Complete 
|2046|0x00000007ffe00000, 0x00000007fff00000, 0x00000007fff00000|100%| O|  |TAMS 0x00000007ffe00000| PB 0x00000007ffe00000| Untracked 
|2047|0x00000007fff00000, 0x00000007fff07150, 0x0000000800000000|  2%| O|  |TAMS 0x00000007fff00000| PB 0x00000007fff00000| Untracked 

Card table byte_map: [0x0000000102c80000,0x0000000103080000] _byte_map_base: 0x00000000ff080000

Marking Bits: (CMBitMap*) 0x0000000142008210
 Bits: [0x000000010892c000, 0x000000010a92c000)

Polling page: 0x00000001021f0000

Metaspace:

Usage:
  Non-class:      1.62 MB used.
      Class:    163.37 KB used.
       Both:      1.78 MB used.

Virtual space:
  Non-class space:       64.00 MB reserved,       1.75 MB (  3%) committed,  1 nodes.
      Class space:        1.00 GB reserved,     256.00 KB ( <1%) committed,  1 nodes.
             Both:        1.06 GB reserved,       2.00 MB ( <1%) committed. 

Chunk freelists:
   Non-Class:  11.53 MB
       Class:  15.65 MB
        Both:  27.18 MB

MaxMetaspaceSize: unlimited
CompressedClassSpaceSize: 1.00 GB
Initial GC threshold: 21.00 MB
Current GC threshold: 21.00 MB
CDS: on
 - commit_granule_bytes: 65536.
 - commit_granule_words: 8192.
 - virtual_space_node_default_size: 8388608.
 - enlarge_chunks_in_place: 1.
 - use_allocation_guard: 0.


Internal statistics:

num_allocs_failed_limit: 0.
num_arena_births: 80.
num_arena_deaths: 0.
num_vsnodes_births: 2.
num_vsnodes_deaths: 0.
num_space_committed: 32.
num_space_uncommitted: 0.
num_chunks_returned_to_freelist: 0.
num_chunks_taken_from_freelist: 128.
num_chunk_merges: 0.
num_chunk_splits: 75.
num_chunks_enlarged: 39.
num_inconsistent_stats: 0.

CodeHeap 'non-profiled nmethods': size=259296Kb used=407Kb max_used=407Kb free=258888Kb
 bounds [0x00000003102c8000, 0x0000000310538000, 0x0000000320000000]
CodeHeap 'profiled nmethods': size=259296Kb used=1509Kb max_used=1509Kb free=257786Kb
 bounds [0x0000000300000000, 0x0000000300270000, 0x000000030fd38000]
CodeHeap 'non-nmethods': size=5696Kb used=1279Kb max_used=1314Kb free=4416Kb
 bounds [0x000000030fd38000, 0x000000030ffa8000, 0x00000003102c8000]
 total_blobs=1370 nmethods=940 adapters=339
 compilation: enabled
              stopped_count=0, restarted_count=0
 full_count=0

Compilation events (20 events):
Event: 0.249 Thread 0x000000013180c800  931       3       java.util.Collections$SetFromMap::add (22 bytes)
Event: 0.249 Thread 0x000000013180c800 nmethod 931 0x0000000300176590 code [0x0000000300176740, 0x00000003001769e8]
Event: 0.250 Thread 0x000000013180c800  935       3       java.util.concurrent.locks.AbstractQueuedSynchronizer::<init> (5 bytes)
Event: 0.250 Thread 0x000000013180c800 nmethod 935 0x0000000300176b10 code [0x0000000300176cc0, 0x0000000300176ed0]
Event: 0.250 Thread 0x000000013180c800  936       3       java.util.concurrent.locks.AbstractOwnableSynchronizer::<init> (5 bytes)
Event: 0.250 Thread 0x000000013180c800 nmethod 936 0x0000000300177010 code [0x00000003001771c0, 0x0000000300177368]
Event: 0.251 Thread 0x000000013180c800  938       3       java.util.concurrent.locks.AbstractQueuedSynchronizer::signalNext (34 bytes)
Event: 0.251 Thread 0x000000013180c800 nmethod 938 0x0000000300177410 code [0x0000000300177640, 0x0000000300177ba8]
Event: 0.251 Thread 0x000000013180c800  937       1       java.util.concurrent.locks.AbstractQueuedSynchronizer::setState (6 bytes)
Event: 0.251 Thread 0x000000013180c800 nmethod 937 0x0000000310329610 code [0x0000000310329780, 0x0000000310329880]
Event: 0.251 Thread 0x000000013180c800  939       1       java.util.concurrent.locks.AbstractOwnableSynchronizer::getExclusiveOwnerThread (5 bytes)
Event: 0.251 Thread 0x000000013180c800 nmethod 939 0x0000000310329910 code [0x0000000310329a80, 0x0000000310329b78]
Event: 0.252 Thread 0x000000013180c800  941       3       java.util.concurrent.locks.AbstractQueuedSynchronizer::release (19 bytes)
Event: 0.252 Thread 0x000000013180c800 nmethod 941 0x0000000300177d90 code [0x0000000300178000, 0x0000000300178750]
Event: 0.252 Thread 0x000000013180c800  943       3       java.util.concurrent.locks.ReentrantLock::lock (8 bytes)
Event: 0.252 Thread 0x000000013180c800 nmethod 943 0x0000000300178990 code [0x0000000300178b80, 0x0000000300178f18]
Event: 0.252 Thread 0x000000013180c800  942       3       java.util.concurrent.locks.ReentrantLock$NonfairSync::initialTryLock (58 bytes)
Event: 0.252 Thread 0x000000013180c800 nmethod 942 0x0000000300179010 code [0x0000000300179200, 0x0000000300179670]
Event: 0.254 Thread 0x0000000131809e00 nmethod 926 0x0000000310329c10 code [0x000000031032a080, 0x000000031032b1c0]
Event: 0.254 Thread 0x0000000131809e00  927       4       java.util.jar.JarFile::getEntry (35 bytes)

GC Heap History (6 events):
Event: 0.181 GC heap before
{Heap before GC invocations=0 (full 0):
 garbage-first heap   total 133120K, used 27676K [0x0000000780000000, 0x0000000800000000)
  region size 1024K, 23 young (23552K), 0 survivors (0K)
 Metaspace       used 1370K, committed 1536K, reserved 1114112K
  class space    used 114K, committed 192K, reserved 1048576K
}
Event: 0.184 GC heap after
{Heap after GC invocations=1 (full 0):
 garbage-first heap   total 133120K, used 19868K [0x0000000780000000, 0x0000000800000000)
  region size 1024K, 3 young (3072K), 3 survivors (3072K)
 Metaspace       used 1370K, committed 1536K, reserved 1114112K
  class space    used 114K, committed 192K, reserved 1048576K
}
Event: 0.202 GC heap before
{Heap before GC invocations=1 (full 0):
 garbage-first heap   total 133120K, used 34204K [0x0000000780000000, 0x0000000800000000)
  region size 1024K, 18 young (18432K), 3 survivors (3072K)
 Metaspace       used 1411K, committed 1536K, reserved 1114112K
  class space    used 115K, committed 192K, reserved 1048576K
}
Event: 0.204 GC heap after
{Heap after GC invocations=2 (full 0):
 garbage-first heap   total 133120K, used 26652K [0x0000000780000000, 0x0000000800000000)
  region size 1024K, 3 young (3072K), 3 survivors (3072K)
 Metaspace       used 1411K, committed 1536K, reserved 1114112K
  class space    used 115K, committed 192K, reserved 1048576K
}
Event: 0.232 GC heap before
{Heap before GC invocations=2 (full 0):
 garbage-first heap   total 133120K, used 62492K [0x0000000780000000, 0x0000000800000000)
  region size 1024K, 30 young (30720K), 3 survivors (3072K)
 Metaspace       used 1454K, committed 1600K, reserved 1114112K
  class space    used 118K, committed 192K, reserved 1048576K
}
Event: 0.234 GC heap after
{Heap after GC invocations=3 (full 0):
 garbage-first heap   total 133120K, used 40708K [0x0000000780000000, 0x0000000800000000)
  region size 1024K, 4 young (4096K), 4 survivors (4096K)
 Metaspace       used 1454K, committed 1600K, reserved 1114112K
  class space    used 118K, committed 192K, reserved 1048576K
}

Dll operation events (8 events):
Event: 0.013 Loaded shared library /Users/cemakar/.gradle/caches/8.9/transforms/a25bcce369cea82ec36a432a89c992fb/transformed/ideaIC-2024.3-aarch64/jbr/Contents/Home/lib/libjava.dylib
Event: 0.046 Loaded shared library /Users/cemakar/.gradle/caches/8.9/transforms/a25bcce369cea82ec36a432a89c992fb/transformed/ideaIC-2024.3-aarch64/jbr/Contents/Home/lib/libzip.dylib
Event: 0.063 Loaded shared library /Users/cemakar/.gradle/caches/8.9/transforms/a25bcce369cea82ec36a432a89c992fb/transformed/ideaIC-2024.3-aarch64/jbr/Contents/Home/lib/libnio.dylib
Event: 0.066 Loaded shared library /Users/cemakar/.gradle/caches/8.9/transforms/a25bcce369cea82ec36a432a89c992fb/transformed/ideaIC-2024.3-aarch64/jbr/Contents/Home/lib/libzip.dylib
Event: 0.125 Loaded shared library /Users/cemakar/.gradle/caches/8.9/transforms/a25bcce369cea82ec36a432a89c992fb/transformed/ideaIC-2024.3-aarch64/jbr/Contents/Home/lib/libinstrument.dylib
Event: 0.133 Loaded shared library /Users/cemakar/.gradle/caches/8.9/transforms/a25bcce369cea82ec36a432a89c992fb/transformed/ideaIC-2024.3-aarch64/jbr/Contents/Home/lib/libnet.dylib
Event: 0.241 Loaded shared library /Users/cemakar/.gradle/caches/8.9/transforms/a25bcce369cea82ec36a432a89c992fb/transformed/ideaIC-2024.3-aarch64/jbr/Contents/Home/lib/libverify.dylib
Event: 0.247 Loaded shared library /Users/cemakar/.gradle/caches/8.9/transforms/a25bcce369cea82ec36a432a89c992fb/transformed/ideaIC-2024.3-aarch64/jbr/Contents/Home/lib/libjimage.dylib

Deoptimization events (20 events):
Event: 0.217 Thread 0x0000000121810c00 Uncommon trap: trap_request=0xffffffd6 fr.pc=0x0000000310323020 relative=0x00000000000001e0
Event: 0.217 Thread 0x0000000121810c00 Uncommon trap: reason=array_check action=maybe_recompile pc=0x0000000310323020 method=com.intellij.util.lang.StrippedLongToObjectMap.replaceByIndex(IJLjava/lang/Object;)V @ 36 c2
Event: 0.217 Thread 0x0000000121810c00 DEOPT PACKING pc=0x0000000310323020 sp=0x000000016df31f50
Event: 0.217 Thread 0x0000000121810c00 DEOPT UNPACKING pc=0x000000030fd7b01c sp=0x000000016df31ec0 mode 2
Event: 0.217 Thread 0x0000000121810c00 Uncommon trap: trap_request=0xffffffd6 fr.pc=0x0000000310323020 relative=0x00000000000001e0
Event: 0.217 Thread 0x0000000121810c00 Uncommon trap: reason=array_check action=maybe_recompile pc=0x0000000310323020 method=com.intellij.util.lang.StrippedLongToObjectMap.replaceByIndex(IJLjava/lang/Object;)V @ 36 c2
Event: 0.217 Thread 0x0000000121810c00 DEOPT PACKING pc=0x0000000310323020 sp=0x000000016df31f50
Event: 0.217 Thread 0x0000000121810c00 DEOPT UNPACKING pc=0x000000030fd7b01c sp=0x000000016df31ec0 mode 2
Event: 0.225 Thread 0x0000000121810c00 DEOPT PACKING pc=0x000000030015a098 sp=0x000000016df31ba0
Event: 0.225 Thread 0x0000000121810c00 DEOPT UNPACKING pc=0x000000030fd7ae7c sp=0x000000016df31860 mode 0
Event: 0.229 Thread 0x0000000121810c00 DEOPT PACKING pc=0x0000000300134358 sp=0x000000016df31cd0
Event: 0.229 Thread 0x0000000121810c00 DEOPT UNPACKING pc=0x000000030fd7ae7c sp=0x000000016df319e0 mode 0
Event: 0.238 Thread 0x0000000121810c00 Uncommon trap: trap_request=0xffffff45 fr.pc=0x0000000310314280 relative=0x00000000000001c0
Event: 0.238 Thread 0x0000000121810c00 Uncommon trap: reason=unstable_if action=reinterpret pc=0x0000000310314280 method=com.intellij.util.lang.HashMapZipFile.probe(Ljava/lang/String;J[Lcom/intellij/util/lang/ImmutableZipEntry;)I @ 43 c2
Event: 0.238 Thread 0x0000000121810c00 DEOPT PACKING pc=0x0000000310314280 sp=0x000000016df31f60
Event: 0.238 Thread 0x0000000121810c00 DEOPT UNPACKING pc=0x000000030fd7b01c sp=0x000000016df31ef0 mode 2
Event: 0.250 Thread 0x0000000121810c00 Uncommon trap: trap_request=0xffffffde fr.pc=0x00000003103177fc relative=0x000000000000023c
Event: 0.250 Thread 0x0000000121810c00 Uncommon trap: reason=class_check action=maybe_recompile pc=0x00000003103177fc method=java.nio.ByteBuffer.getArray(I[BII)Ljava/nio/ByteBuffer; @ 49 c2
Event: 0.250 Thread 0x0000000121810c00 DEOPT PACKING pc=0x00000003103177fc sp=0x000000016df31270
Event: 0.250 Thread 0x0000000121810c00 DEOPT UNPACKING pc=0x000000030fd7b01c sp=0x000000016df31140 mode 2

Classes loaded (20 events):
Event: 0.250 Loading class java/util/LinkedHashMap$LinkedKeySet
Event: 0.251 Loading class java/util/LinkedHashMap$LinkedKeySet done
Event: 0.251 Loading class java/util/LinkedHashMap$LinkedKeyIterator
Event: 0.251 Loading class java/util/LinkedHashMap$LinkedKeyIterator done
Event: 0.251 Loading class java/util/ServiceConfigurationError
Event: 0.251 Loading class java/util/ServiceConfigurationError done
Event: 0.251 Loading class java/net/UnknownHostException
Event: 0.251 Loading class java/net/UnknownHostException done
Event: 0.251 Loading class java/lang/SecurityException
Event: 0.251 Loading class java/lang/SecurityException done
Event: 0.251 Loading class java/lang/invoke/WrongMethodTypeException
Event: 0.251 Loading class java/lang/invoke/WrongMethodTypeException done
Event: 0.251 Loading class java/lang/reflect/InvocationTargetException
Event: 0.251 Loading class java/lang/reflect/InvocationTargetException done
Event: 0.251 Loading class java/lang/Throwable$WrappedPrintStream
Event: 0.251 Loading class java/lang/Throwable$PrintStreamOrWriter
Event: 0.251 Loading class java/lang/Throwable$PrintStreamOrWriter done
Event: 0.251 Loading class java/lang/Throwable$WrappedPrintStream done
Event: 0.251 Loading class java/lang/StackTraceElement$HashedModules
Event: 0.251 Loading class java/lang/StackTraceElement$HashedModules done

Classes unloaded (0 events):
No events

Classes redefined (0 events):
No events

Internal exceptions (16 events):
Event: 0.117 Thread 0x0000000121810c00 Implicit null exception at 0x00000003102d7d8c to 0x00000003102d7eac
Event: 0.117 Thread 0x0000000121810c00 Exception <a 'java/lang/NoSuchMethodError'{0x0000000787161998}: 'java.lang.Object java.lang.invoke.DirectMethodHandle$Holder.invokeStatic(java.lang.Object, int, java.lang.Object)'> (0x0000000787161998) 
thrown [src/hotspot/share/interpreter/linkResolver.cpp, line 784]
Event: 0.117 Thread 0x0000000121810c00 Exception <a 'java/lang/NoSuchMethodError'{0x0000000787165008}: 'java.lang.Object java.lang.invoke.DirectMethodHandle$Holder.invokeStaticInit(java.lang.Object, int, java.lang.Object)'> (0x0000000787165008) 
thrown [src/hotspot/share/interpreter/linkResolver.cpp, line 784]
Event: 0.122 Thread 0x0000000121810c00 Exception <a 'java/lang/NoSuchMethodError'{0x00000007871aeac0}: 'java.lang.Object java.lang.invoke.DirectMethodHandle$Holder.invokeStaticInit(java.lang.Object, int)'> (0x00000007871aeac0) 
thrown [src/hotspot/share/interpreter/linkResolver.cpp, line 784]
Event: 0.122 Thread 0x0000000121810c00 Exception <a 'java/lang/NoSuchMethodError'{0x00000007871b4b50}: 'java.lang.Object java.lang.invoke.DirectMethodHandle$Holder.invokeStaticInit(java.lang.Object, long)'> (0x00000007871b4b50) 
thrown [src/hotspot/share/interpreter/linkResolver.cpp, line 784]
Event: 0.138 Thread 0x0000000121810c00 Exception <a 'java/lang/NoSuchMethodError'{0x000000078703a638}: 'int java.lang.invoke.DirectMethodHandle$Holder.invokeSpecial(java.lang.Object, java.lang.Object, java.lang.Object, int)'> (0x000000078703a638) 
thrown [src/hotspot/share/interpreter/linkResolver.cpp, line 784]
Event: 0.138 Thread 0x0000000121810c00 Exception <a 'java/lang/NoSuchMethodError'{0x000000078704ce50}: 'java.lang.Object java.lang.invoke.DirectMethodHandle$Holder.invokeStatic(java.lang.Object, java.lang.Object, java.lang.Object, java.lang.Object, int)'> (0x000000078704ce50) 
thrown [src/hotspot/share/interpreter/linkResolver.cpp, line 784]
Event: 0.139 Thread 0x0000000121810c00 Exception <a 'java/lang/NoSuchMethodError'{0x0000000787054ce0}: 'long java.lang.invoke.DirectMethodHandle$Holder.invokeStatic(java.lang.Object, java.lang.Object, int)'> (0x0000000787054ce0) 
thrown [src/hotspot/share/interpreter/linkResolver.cpp, line 784]
Event: 0.139 Thread 0x0000000121810c00 Exception <a 'java/lang/NoSuchMethodError'{0x0000000787060220}: 'java.lang.Object java.lang.invoke.DelegatingMethodHandle$Holder.reinvoke_L(java.lang.Object, int, long, java.lang.Object, java.lang.Object, int, java.lang.Object)'> (0x0000000787060220) 
thrown [src/hotspot/share/interpreter/linkResolver.cpp, line 784]
Event: 0.139 Thread 0x0000000121810c00 Exception <a 'java/lang/NoSuchMethodError'{0x00000007870642c0}: 'int java.lang.invoke.DirectMethodHandle$Holder.invokeSpecial(java.lang.Object, java.lang.Object, java.lang.Object)'> (0x00000007870642c0) 
thrown [src/hotspot/share/interpreter/linkResolver.cpp, line 784]
Event: 0.142 Thread 0x0000000121810c00 Exception <a 'java/lang/NoSuchMethodError'{0x000000078708d298}: 'java.lang.Object java.lang.invoke.DirectMethodHandle$Holder.invokeStatic(java.lang.Object, java.lang.Object, int)'> (0x000000078708d298) 
thrown [src/hotspot/share/interpreter/linkResolver.cpp, line 784]
Event: 0.143 Thread 0x0000000121810c00 Exception <a 'java/lang/NoSuchMethodError'{0x00000007870989d8}: 'void java.lang.invoke.DelegatingMethodHandle$Holder.delegate(java.lang.Object, java.lang.Object, int, java.lang.Object)'> (0x00000007870989d8) 
thrown [src/hotspot/share/interpreter/linkResolver.cpp, line 784]
Event: 0.239 Thread 0x0000000121810c00 Exception <a 'java/lang/NoSuchMethodError'{0x0000000787836960}: 'void java.lang.invoke.DirectMethodHandle$Holder.invokeStatic(java.lang.Object, java.lang.Object)'> (0x0000000787836960) 
thrown [src/hotspot/share/interpreter/linkResolver.cpp, line 784]
Event: 0.239 Thread 0x0000000121810c00 Exception <a 'java/lang/NoSuchMethodError'{0x0000000787839d70}: 'void java.lang.invoke.DirectMethodHandle$Holder.invokeStaticInit(java.lang.Object, java.lang.Object)'> (0x0000000787839d70) 
thrown [src/hotspot/share/interpreter/linkResolver.cpp, line 784]
Event: 0.242 Thread 0x0000000121810c00 Exception <a 'java/lang/NoSuchMethodError'{0x0000000787846d80}: 'void java.lang.invoke.DirectMethodHandle$Holder.invokeStatic(java.lang.Object, java.lang.Object, java.lang.Object)'> (0x0000000787846d80) 
thrown [src/hotspot/share/interpreter/linkResolver.cpp, line 784]
Event: 0.243 Thread 0x0000000121810c00 Exception <a 'java/lang/NoSuchMethodError'{0x0000000787858b98}: 'java.lang.Object java.lang.invoke.Invokers$Holder.invokeExact_MT(java.lang.Object, java.lang.Object, java.lang.Object, java.lang.Object, java.lang.Object)'> (0x0000000787858b98) 
thrown [src/hotspot/share/interpreter/linkResolver.cpp, line 784]

ZGC Phase Switch (0 events):
No events

VM Operations (14 events):
Event: 0.142 Executing VM operation: HandshakeAllThreads (Deoptimize)
Event: 0.142 Executing VM operation: HandshakeAllThreads (Deoptimize) done
Event: 0.144 Executing VM operation: HandshakeAllThreads (Deoptimize)
Event: 0.144 Executing VM operation: HandshakeAllThreads (Deoptimize) done
Event: 0.169 Executing VM operation: ICBufferFull
Event: 0.169 Executing VM operation: ICBufferFull done
Event: 0.181 Executing VM operation: G1CollectForAllocation (G1 Evacuation Pause)
Event: 0.184 Executing VM operation: G1CollectForAllocation (G1 Evacuation Pause) done
Event: 0.202 Executing VM operation: G1CollectForAllocation (G1 Evacuation Pause)
Event: 0.204 Executing VM operation: G1CollectForAllocation (G1 Evacuation Pause) done
Event: 0.232 Executing VM operation: G1CollectForAllocation (G1 Evacuation Pause)
Event: 0.234 Executing VM operation: G1CollectForAllocation (G1 Evacuation Pause) done
Event: 0.240 Executing VM operation: HandshakeAllThreads (Deoptimize)
Event: 0.240 Executing VM operation: HandshakeAllThreads (Deoptimize) done

Memory protections (9 events):
Event: 0.013 Protecting memory [0x000000016dd30000,0x000000016dd3c000] with protection modes 0
Event: 0.026 Protecting memory [0x000000016eea8000,0x000000016eeb4000] with protection modes 0
Event: 0.026 Protecting memory [0x000000016f0b4000,0x000000016f0c0000] with protection modes 0
Event: 0.026 Protecting memory [0x000000016f2c0000,0x000000016f2cc000] with protection modes 0
Event: 0.026 Protecting memory [0x000000016f4cc000,0x000000016f4d8000] with protection modes 0
Event: 0.027 Protecting memory [0x000000016f6d8000,0x000000016f6e4000] with protection modes 0
Event: 0.027 Protecting memory [0x000000016f8e4000,0x000000016f8f0000] with protection modes 0
Event: 0.027 Protecting memory [0x000000016faf0000,0x000000016fafc000] with protection modes 0
Event: 0.043 Protecting memory [0x000000016fcfc000,0x000000016fd08000] with protection modes 0

Nmethod flushes (0 events):
No events

Events (9 events):
Event: 0.018 Thread 0x0000000121810c00 Thread added: 0x0000000121810c00
Event: 0.026 Thread 0x0000000121810c00 Thread added: 0x000000010f012600
Event: 0.026 Thread 0x0000000121810c00 Thread added: 0x000000010e00ce00
Event: 0.026 Thread 0x0000000121810c00 Thread added: 0x0000000121849c00
Event: 0.026 Thread 0x0000000121810c00 Thread added: 0x000000012184a600
Event: 0.026 Thread 0x0000000121810c00 Thread added: 0x000000012184ae00
Event: 0.027 Thread 0x0000000121810c00 Thread added: 0x0000000131809e00
Event: 0.027 Thread 0x0000000121810c00 Thread added: 0x000000013180c800
Event: 0.043 Thread 0x0000000121810c00 Thread added: 0x000000012185b600


Dynamic libraries:
0x000000010219c000 	/Users/cemakar/.gradle/caches/8.9/transforms/a25bcce369cea82ec36a432a89c992fb/transformed/ideaIC-2024.3-aarch64/jbr/Contents/Home/lib/libjli.dylib
0x00000001a9c03000 	/System/Library/Frameworks/Cocoa.framework/Versions/A/Cocoa
0x00000001913b3000 	/System/Library/Frameworks/AppKit.framework/Versions/C/AppKit
0x00000001946a3000 	/System/Library/Frameworks/CoreData.framework/Versions/A/CoreData
0x000000018ea43000 	/System/Library/Frameworks/Foundation.framework/Versions/C/Foundation
0x000000019b642000 	/usr/lib/libSystem.B.dylib
0x0000000192844000 	/System/Library/PrivateFrameworks/UIFoundation.framework/Versions/A/UIFoundation
0x000000023b3fe000 	/System/Library/PrivateFrameworks/CollectionViewCore.framework/Versions/A/CollectionViewCore
0x00000001991c7000 	/System/Library/PrivateFrameworks/XCTTargetBootstrap.framework/Versions/A/XCTTargetBootstrap
0x000000019de3c000 	/System/Library/PrivateFrameworks/InternationalSupport.framework/Versions/A/InternationalSupport
0x000000019e193000 	/System/Library/PrivateFrameworks/UserActivity.framework/Versions/A/UserActivity
0x0000000269d88000 	/System/Library/PrivateFrameworks/UIIntelligenceSupport.framework/Versions/A/UIIntelligenceSupport
0x00000001f3f08000 	/System/Library/Frameworks/SwiftUICore.framework/Versions/A/SwiftUICore
0x000000026ee0e000 	/System/Library/PrivateFrameworks/WritingTools.framework/Versions/A/WritingTools
0x000000026de52000 	/System/Library/PrivateFrameworks/WindowManagement.framework/Versions/A/WindowManagement
0x000000018e6a6000 	/System/Library/Frameworks/SystemConfiguration.framework/Versions/A/SystemConfiguration
0x000000019d271000 	/usr/lib/libspindump.dylib
0x00000001929f6000 	/System/Library/Frameworks/UniformTypeIdentifiers.framework/Versions/A/UniformTypeIdentifiers
0x000000019aa2e000 	/usr/lib/libbsm.0.dylib
0x0000000196c48000 	/usr/lib/libapp_launch_measurement.dylib
0x0000000195ff0000 	/System/Library/PrivateFrameworks/CoreAnalytics.framework/Versions/A/CoreAnalytics
0x0000000196c4c000 	/System/Library/PrivateFrameworks/CoreAutoLayout.framework/Versions/A/CoreAutoLayout
0x00000001987e1000 	/System/Library/Frameworks/Metal.framework/Versions/A/Metal
0x0000000199a0a000 	/usr/lib/liblangid.dylib
0x00000001991cd000 	/System/Library/PrivateFrameworks/CoreSVG.framework/Versions/A/CoreSVG
0x000000019341b000 	/System/Library/PrivateFrameworks/SkyLight.framework/Versions/A/SkyLight
0x0000000193942000 	/System/Library/Frameworks/CoreGraphics.framework/Versions/A/CoreGraphics
0x00000001a3313000 	/System/Library/Frameworks/Accelerate.framework/Versions/A/Accelerate
0x000000019d0b4000 	/System/Library/PrivateFrameworks/IconServices.framework/Versions/A/IconServices
0x00000001987be000 	/System/Library/Frameworks/IOSurface.framework/Versions/A/IOSurface
0x0000000196021000 	/usr/lib/libDiagnosticMessagesClient.dylib
0x000000019b58c000 	/usr/lib/libz.1.dylib
0x00000001a7229000 	/System/Library/Frameworks/ApplicationServices.framework/Versions/A/ApplicationServices
0x00000001991b2000 	/System/Library/PrivateFrameworks/DFRFoundation.framework/Versions/A/DFRFoundation
0x0000000190c18000 	/usr/lib/libicucore.A.dylib
0x000000019f21c000 	/System/Library/Frameworks/AudioToolbox.framework/Versions/A/AudioToolbox
0x000000019e144000 	/System/Library/PrivateFrameworks/DataDetectorsCore.framework/Versions/A/DataDetectorsCore
0x00000001b9cb3000 	/System/Library/PrivateFrameworks/TextInput.framework/Versions/A/TextInput
0x0000000193366000 	/usr/lib/libMobileGestalt.dylib
0x0000000198eab000 	/System/Library/Frameworks/Carbon.framework/Versions/A/Frameworks/HIToolbox.framework/Versions/A/HIToolbox
0x0000000196529000 	/System/Library/Frameworks/QuartzCore.framework/Versions/A/QuartzCore
0x0000000190813000 	/System/Library/Frameworks/Security.framework/Versions/A/Security
0x00000001a2c70000 	/System/Library/Frameworks/Carbon.framework/Versions/A/Frameworks/SpeechRecognition.framework/Versions/A/SpeechRecognition
0x000000019694f000 	/System/Library/PrivateFrameworks/CoreUI.framework/Versions/A/CoreUI
0x00000001900e0000 	/System/Library/Frameworks/CoreAudio.framework/Versions/A/CoreAudio
0x000000019610f000 	/System/Library/Frameworks/DiskArbitration.framework/Versions/A/DiskArbitration
0x000000019d6da000 	/System/Library/PrivateFrameworks/MultitouchSupport.framework/Versions/A/MultitouchSupport
0x0000000193364000 	/usr/lib/libenergytrace.dylib
0x00000001ae257000 	/System/Library/PrivateFrameworks/RenderBox.framework/Versions/A/RenderBox
0x0000000191263000 	/System/Library/Frameworks/IOKit.framework/Versions/A/IOKit
0x00000001a3067000 	/System/Library/Frameworks/CoreServices.framework/Versions/A/CoreServices
0x0000000196bd9000 	/System/Library/PrivateFrameworks/PerformanceAnalysis.framework/Versions/A/PerformanceAnalysis
0x00000001ed8c9000 	/System/Library/Frameworks/OpenGL.framework/Versions/A/OpenGL
0x0000000196c96000 	/usr/lib/libxml2.2.dylib
0x000000019a912000 	/System/Library/PrivateFrameworks/MobileKeyBag.framework/Versions/A/MobileKeyBag
0x000000018cfe8000 	/usr/lib/libobjc.A.dylib
0x000000018d2f6000 	/usr/lib/libc++.1.dylib
0x00000001a2fe8000 	/System/Library/Frameworks/Accessibility.framework/Versions/A/Accessibility
0x0000000194073000 	/System/Library/Frameworks/ColorSync.framework/Versions/A/ColorSync
0x000000018d452000 	/System/Library/Frameworks/CoreFoundation.framework/Versions/A/CoreFoundation
0x000000019958c000 	/System/Library/Frameworks/CoreImage.framework/Versions/A/CoreImage
0x000000018fec1000 	/System/Library/Frameworks/CoreText.framework/Versions/A/CoreText
0x00000001eee15000 	/System/Library/Frameworks/CoreTransferable.framework/Versions/A/CoreTransferable
0x00000001ef39a000 	/System/Library/Frameworks/DataDetection.framework/Versions/A/DataDetection
0x00000001ef39d000 	/System/Library/Frameworks/DeveloperToolsSupport.framework/Versions/A/DeveloperToolsSupport
0x0000000199208000 	/System/Library/Frameworks/ImageIO.framework/Versions/A/ImageIO
0x00000001f4acb000 	/System/Library/Frameworks/Symbols.framework/Versions/A/Symbols
0x00000001e1075000 	/System/Library/PrivateFrameworks/FeatureFlags.framework/Versions/A/FeatureFlags
0x000000019b647000 	/System/Library/PrivateFrameworks/SoftLinking.framework/Versions/A/SoftLinking
0x00000001cc92e000 	/usr/lib/swift/libswiftAccelerate.dylib
0x000000019ebb1000 	/usr/lib/swift/libswiftCore.dylib
0x00000001b6356000 	/usr/lib/swift/libswiftCoreFoundation.dylib
0x00000001b63b0000 	/usr/lib/swift/libswiftCoreImage.dylib
0x00000001b36bf000 	/usr/lib/swift/libswiftDarwin.dylib
0x0000000275a2c000 	/usr/lib/swift/libswiftDataDetection.dylib
0x00000001a4b60000 	/usr/lib/swift/libswiftDispatch.dylib
0x00000001b63b1000 	/usr/lib/swift/libswiftIOKit.dylib
0x00000001c2f21000 	/usr/lib/swift/libswiftMetal.dylib
0x00000001d1ec7000 	/usr/lib/swift/libswiftOSLog.dylib
0x00000001a77e3000 	/usr/lib/swift/libswiftObjectiveC.dylib
0x0000000275a59000 	/usr/lib/swift/libswiftObservation.dylib
0x00000001c82c3000 	/usr/lib/swift/libswiftQuartzCore.dylib
0x00000001cc91f000 	/usr/lib/swift/libswiftUniformTypeIdentifiers.dylib
0x00000001b6368000 	/usr/lib/swift/libswiftXPC.dylib
0x0000000275b3f000 	/usr/lib/swift/libswift_Builtin_float.dylib
0x0000000275b42000 	/usr/lib/swift/libswift_Concurrency.dylib
0x0000000275ca1000 	/usr/lib/swift/libswift_StringProcessing.dylib
0x0000000275d34000 	/usr/lib/swift/libswift_errno.dylib
0x0000000275d36000 	/usr/lib/swift/libswift_math.dylib
0x0000000275d39000 	/usr/lib/swift/libswift_signal.dylib
0x0000000275d3a000 	/usr/lib/swift/libswift_stdio.dylib
0x0000000275d3b000 	/usr/lib/swift/libswift_time.dylib
0x00000001a77e7000 	/usr/lib/swift/libswiftos.dylib
0x00000001b9c0a000 	/usr/lib/swift/libswiftsimd.dylib
0x0000000275d3c000 	/usr/lib/swift/libswiftsys_time.dylib
0x0000000275d3d000 	/usr/lib/swift/libswiftunistd.dylib
0x000000019b870000 	/usr/lib/libcompression.dylib
0x000000019dd9c000 	/System/Library/PrivateFrameworks/TextureIO.framework/Versions/A/TextureIO
0x000000019cd53000 	/usr/lib/libate.dylib
0x000000019b63c000 	/usr/lib/system/libcache.dylib
0x000000019b5f7000 	/usr/lib/system/libcommonCrypto.dylib
0x000000019b622000 	/usr/lib/system/libcompiler_rt.dylib
0x000000019b617000 	/usr/lib/system/libcopyfile.dylib
0x000000018d143000 	/usr/lib/system/libcorecrypto.dylib
0x000000018d22a000 	/usr/lib/system/libdispatch.dylib
0x000000018d3ea000 	/usr/lib/system/libdyld.dylib
0x000000019b632000 	/usr/lib/system/libkeymgr.dylib
0x000000019b5da000 	/usr/lib/system/libmacho.dylib
0x000000019aa07000 	/usr/lib/system/libquarantine.dylib
0x000000019b62f000 	/usr/lib/system/libremovefile.dylib
0x00000001933e0000 	/usr/lib/system/libsystem_asl.dylib
0x000000018d0d8000 	/usr/lib/system/libsystem_blocks.dylib
0x000000018d274000 	/usr/lib/system/libsystem_c.dylib
0x000000019b626000 	/usr/lib/system/libsystem_collections.dylib
0x00000001999f7000 	/usr/lib/system/libsystem_configuration.dylib
0x000000019878d000 	/usr/lib/system/libsystem_containermanager.dylib
0x000000019b11d000 	/usr/lib/system/libsystem_coreservices.dylib
0x0000000190ee4000 	/usr/lib/system/libsystem_darwin.dylib
0x0000000275e74000 	/usr/lib/system/libsystem_darwindirectory.dylib
0x000000019b633000 	/usr/lib/system/libsystem_dnssd.dylib
0x0000000275e78000 	/usr/lib/system/libsystem_eligibility.dylib
0x000000018d271000 	/usr/lib/system/libsystem_featureflags.dylib
0x000000018d422000 	/usr/lib/system/libsystem_info.dylib
0x000000019b59b000 	/usr/lib/system/libsystem_m.dylib
0x000000018d1e2000 	/usr/lib/system/libsystem_malloc.dylib
0x0000000193349000 	/usr/lib/system/libsystem_networkextension.dylib
0x0000000191346000 	/usr/lib/system/libsystem_notify.dylib
0x00000001999fc000 	/usr/lib/system/libsystem_sandbox.dylib
0x0000000275e80000 	/usr/lib/system/libsystem_sanitizers.dylib
0x000000019b62b000 	/usr/lib/system/libsystem_secinit.dylib
0x000000018d3a1000 	/usr/lib/system/libsystem_kernel.dylib
0x000000018d41a000 	/usr/lib/system/libsystem_platform.dylib
0x000000018d3dd000 	/usr/lib/system/libsystem_pthread.dylib
0x0000000194f3d000 	/usr/lib/system/libsystem_symptoms.dylib
0x000000018d127000 	/usr/lib/system/libsystem_trace.dylib
0x000000019b605000 	/usr/lib/system/libunwind.dylib
0x000000018d0dc000 	/usr/lib/system/libxpc.dylib
0x000000018d383000 	/usr/lib/libc++abi.dylib
0x0000000274a49000 	/usr/lib/libRosetta.dylib
0x00000001911e2000 	/System/Library/PrivateFrameworks/CoreServicesInternal.framework/Versions/A/CoreServicesInternal
0x000000019b60f000 	/usr/lib/liboah.dylib
0x000000019b644000 	/usr/lib/libfakelink.dylib
0x00000001a6cdc000 	/System/Library/PrivateFrameworks/DiskImages.framework/Versions/A/DiskImages
0x00000001b31e8000 	/System/Library/Frameworks/NetFS.framework/Versions/A/NetFS
0x0000000192f7f000 	/System/Library/Frameworks/CFNetwork.framework/Versions/A/CFNetwork
0x0000000196c10000 	/System/Library/Frameworks/CoreServices.framework/Versions/A/Frameworks/FSEvents.framework/Versions/A/FSEvents
0x0000000190eef000 	/System/Library/Frameworks/CoreServices.framework/Versions/A/Frameworks/CarbonCore.framework/Versions/A/CarbonCore
0x0000000196084000 	/System/Library/Frameworks/CoreServices.framework/Versions/A/Frameworks/Metadata.framework/Versions/A/Metadata
0x000000019b124000 	/System/Library/Frameworks/CoreServices.framework/Versions/A/Frameworks/OSServices.framework/Versions/A/OSServices
0x000000019b791000 	/System/Library/Frameworks/CoreServices.framework/Versions/A/Frameworks/SearchKit.framework/Versions/A/SearchKit
0x0000000194eb8000 	/System/Library/Frameworks/CoreServices.framework/Versions/A/Frameworks/AE.framework/Versions/A/AE
0x000000018d991000 	/System/Library/Frameworks/CoreServices.framework/Versions/A/Frameworks/LaunchServices.framework/Versions/A/LaunchServices
0x000000019cba8000 	/System/Library/Frameworks/CoreServices.framework/Versions/A/Frameworks/DictionaryServices.framework/Versions/A/DictionaryServices
0x0000000196c1e000 	/System/Library/Frameworks/CoreServices.framework/Versions/A/Frameworks/SharedFileList.framework/Versions/A/SharedFileList
0x000000019b827000 	/usr/lib/libapple_nghttp2.dylib
0x0000000194b19000 	/usr/lib/libsqlite3.dylib
0x000000019f85f000 	/System/Library/Frameworks/GSS.framework/Versions/A/GSS
0x0000000194e4f000 	/System/Library/PrivateFrameworks/RunningBoardServices.framework/Versions/A/RunningBoardServices
0x0000000194f46000 	/System/Library/Frameworks/Network.framework/Versions/A/Network
0x000000019b5de000 	/usr/lib/system/libkxld.dylib
0x0000000237289000 	/System/Library/PrivateFrameworks/AppleKeyStore.framework/Versions/A/AppleKeyStore
0x00000002748a1000 	/usr/lib/libCoreEntitlements.dylib
0x0000000252277000 	/System/Library/PrivateFrameworks/MessageSecurity.framework/Versions/A/MessageSecurity
0x0000000194afe000 	/System/Library/PrivateFrameworks/ProtocolBuffer.framework/Versions/A/ProtocolBuffer
0x000000019b104000 	/System/Library/PrivateFrameworks/AppleFSCompression.framework/Versions/A/AppleFSCompression
0x000000019aa16000 	/usr/lib/libcoretls.dylib
0x000000019cc1e000 	/usr/lib/libcoretls_cfhelpers.dylib
0x000000019b86a000 	/usr/lib/libpam.2.dylib
0x000000019cc92000 	/usr/lib/libxar.1.dylib
0x000000019b699000 	/usr/lib/libarchive.2.dylib
0x00000001a0f62000 	/System/Library/Frameworks/Combine.framework/Versions/A/Combine
0x000000023b422000 	/System/Library/PrivateFrameworks/CollectionsInternal.framework/Versions/A/CollectionsInternal
0x000000025b2d2000 	/System/Library/PrivateFrameworks/ReflectionInternal.framework/Versions/A/ReflectionInternal
0x000000025bfa9000 	/System/Library/PrivateFrameworks/RuntimeInternal.framework/Versions/A/RuntimeInternal
0x0000000275ad0000 	/usr/lib/swift/libswiftSystem.dylib
0x0000000199a05000 	/System/Library/PrivateFrameworks/AppleSystemInfo.framework/Versions/A/AppleSystemInfo
0x00000001b6241000 	/System/Library/PrivateFrameworks/LoggingSupport.framework/Versions/A/LoggingSupport
0x00000001a4021000 	/System/Library/PrivateFrameworks/PowerLog.framework/Versions/A/PowerLog
0x00000001f3dcd000 	/System/Library/Frameworks/SwiftData.framework/Versions/A/SwiftData
0x0000000196e21000 	/System/Library/PrivateFrameworks/UserManagement.framework/Versions/A/UserManagement
0x0000000192ead000 	/usr/lib/libboringssl.dylib
0x0000000194f2c000 	/usr/lib/libdns_services.dylib
0x00000001b53f0000 	/usr/lib/libquic.dylib
0x000000019eb40000 	/usr/lib/libusrtcp.dylib
0x00000001d9d3c000 	/System/Library/PrivateFrameworks/InternalSwiftProtobuf.framework/Versions/A/InternalSwiftProtobuf
0x0000000275a2d000 	/usr/lib/swift/libswiftDistributed.dylib
0x0000000275ac6000 	/usr/lib/swift/libswiftSynchronization.dylib
0x0000000192f7e000 	/usr/lib/libnetwork.dylib
0x00000001c6ef7000 	/System/Library/PrivateFrameworks/OSAnalytics.framework/Versions/A/OSAnalytics
0x000000019b802000 	/System/Library/PrivateFrameworks/AppleSauce.framework/Versions/A/AppleSauce
0x00000001a52f6000 	/System/Library/PrivateFrameworks/CoreSymbolication.framework/Versions/A/CoreSymbolication
0x00000001d5a05000 	/System/Library/PrivateFrameworks/Symbolication.framework/Versions/A/Symbolication
0x00000001a52d2000 	/System/Library/PrivateFrameworks/DebugSymbols.framework/Versions/A/DebugSymbols
0x000000027476c000 	/usr/lib/libAppleArchive.dylib
0x000000019b110000 	/usr/lib/libbz2.1.0.dylib
0x000000019cbff000 	/usr/lib/liblzma.5.dylib
0x000000019a702000 	/System/Library/PrivateFrameworks/IOMobileFramebuffer.framework/Versions/A/IOMobileFramebuffer
0x00000001b62ca000 	/System/Library/PrivateFrameworks/MallocStackLogging.framework/Versions/A/MallocStackLogging
0x000000019cded000 	/System/Library/PrivateFrameworks/CrashReporterSupport.framework/Versions/A/CrashReporterSupport
0x000000018e49d000 	/System/Library/PrivateFrameworks/Lexicon.framework/Versions/A/Lexicon
0x000000024a5b6000 	/System/Library/PrivateFrameworks/IO80211.framework/Versions/A/IO80211
0x00000001a4df8000 	/System/Library/PrivateFrameworks/FrontBoardServices.framework/Versions/A/FrontBoardServices
0x000000019a93e000 	/System/Library/Frameworks/SecurityFoundation.framework/Versions/A/SecurityFoundation
0x000000019aaa0000 	/usr/lib/libgermantok.dylib
0x0000000199b29000 	/System/Library/PrivateFrameworks/LinguisticData.framework/Versions/A/LinguisticData
0x0000000194d6a000 	/System/Library/PrivateFrameworks/BaseBoard.framework/Versions/A/BaseBoard
0x00000001a4ec5000 	/System/Library/PrivateFrameworks/BoardServices.framework/Versions/A/BoardServices
0x000000019a92f000 	/System/Library/PrivateFrameworks/AssertionServices.framework/Versions/A/AssertionServices
0x00000001a6b16000 	/System/Library/PrivateFrameworks/BackBoardServices.framework/Versions/A/BackBoardServices
0x0000000198bd8000 	/System/Library/PrivateFrameworks/FontServices.framework/libFontParser.dylib
0x00000001933f8000 	/System/Library/PrivateFrameworks/TCC.framework/Versions/A/TCC
0x00000001aa511000 	/System/Library/PrivateFrameworks/IOSurfaceAccelerator.framework/Versions/A/IOSurfaceAccelerator
0x000000019d6d8000 	/System/Library/PrivateFrameworks/WatchdogClient.framework/Versions/A/WatchdogClient
0x000000018f9e8000 	/System/Library/Frameworks/CoreDisplay.framework/Versions/A/CoreDisplay
0x0000000198a7c000 	/System/Library/Frameworks/CoreMedia.framework/Versions/A/CoreMedia
0x00000001987d7000 	/System/Library/PrivateFrameworks/IOAccelerator.framework/Versions/A/IOAccelerator
0x0000000196d80000 	/System/Library/Frameworks/CoreVideo.framework/Versions/A/CoreVideo
0x000000019b868000 	/System/Library/Frameworks/MetalPerformanceShaders.framework/Versions/A/MetalPerformanceShaders
0x000000025a610000 	/System/Library/PrivateFrameworks/ProDisplayLibrary.framework/Versions/A/ProDisplayLibrary
0x000000019d720000 	/System/Library/Frameworks/VideoToolbox.framework/Versions/A/VideoToolbox
0x0000000199a03000 	/System/Library/PrivateFrameworks/AggregateDictionary.framework/Versions/A/AggregateDictionary
0x000000019cc20000 	/System/Library/PrivateFrameworks/APFS.framework/Versions/A/APFS
0x000000019cca1000 	/usr/lib/libutil.dylib
0x0000000265537000 	/System/Library/PrivateFrameworks/SwiftASN1Internal.framework/Versions/A/SwiftASN1Internal
0x0000000196119000 	/System/Library/Frameworks/Accelerate.framework/Versions/A/Frameworks/vImage.framework/Versions/A/vImage
0x00000001a3042000 	/System/Library/Frameworks/Accelerate.framework/Versions/A/Frameworks/vecLib.framework/Versions/A/vecLib
0x000000019ccd9000 	/System/Library/Frameworks/Accelerate.framework/Versions/A/Frameworks/vecLib.framework/Versions/A/libvMisc.dylib
0x000000018de09000 	/System/Library/Frameworks/Accelerate.framework/Versions/A/Frameworks/vecLib.framework/Versions/A/libBLAS.dylib
0x000000019f46c000 	/System/Library/Frameworks/ApplicationServices.framework/Versions/A/Frameworks/ATS.framework/Versions/A/ATS
0x0000000194229000 	/System/Library/Frameworks/ApplicationServices.framework/Versions/A/Frameworks/HIServices.framework/Versions/A/HIServices
0x000000019dd25000 	/System/Library/Frameworks/ApplicationServices.framework/Versions/A/Frameworks/PrintCore.framework/Versions/A/PrintCore
0x000000019f829000 	/System/Library/Frameworks/ApplicationServices.framework/Versions/A/Frameworks/QD.framework/Versions/A/QD
0x000000019f820000 	/System/Library/Frameworks/ApplicationServices.framework/Versions/A/Frameworks/ColorSyncLegacy.framework/Versions/A/ColorSyncLegacy
0x000000019f43e000 	/System/Library/Frameworks/ApplicationServices.framework/Versions/A/Frameworks/SpeechSynthesis.framework/Versions/A/SpeechSynthesis
0x000000019a6cf000 	/System/Library/PrivateFrameworks/CoreEmoji.framework/Versions/A/CoreEmoji
0x000000024167b000 	/System/Library/PrivateFrameworks/FontServices.framework/Versions/A/FontServices
0x000000019d226000 	/System/Library/PrivateFrameworks/OTSVG.framework/Versions/A/OTSVG
0x00000001968fd000 	/System/Library/Frameworks/ApplicationServices.framework/Versions/A/Frameworks/ATS.framework/Versions/A/Resources/libFontRegistry.dylib
0x0000000274e2e000 	/usr/lib/libhvf.dylib
0x0000000256514000 	/System/Library/PrivateFrameworks/ParsingInternal.framework/Versions/A/ParsingInternal
0x0000000275a76000 	/usr/lib/swift/libswiftRegexBuilder.dylib
0x0000000275bfe000 	/usr/lib/swift/libswift_RegexParser.dylib
0x000000019d5a1000 	/System/Library/PrivateFrameworks/AppleJPEG.framework/Versions/A/AppleJPEG
0x000000019d042000 	/usr/lib/libexpat.1.dylib
0x000000019dbfb000 	/System/Library/Frameworks/ImageIO.framework/Versions/A/Resources/libPng.dylib
0x000000019dc26000 	/System/Library/Frameworks/ImageIO.framework/Versions/A/Resources/libTIFF.dylib
0x000000019dd10000 	/System/Library/Frameworks/ImageIO.framework/Versions/A/Resources/libGIF.dylib
0x000000019d5e7000 	/System/Library/Frameworks/ImageIO.framework/Versions/A/Resources/libJP2.dylib
0x000000019dcb7000 	/System/Library/Frameworks/ImageIO.framework/Versions/A/Resources/libJPEG.dylib
0x000000019dcae000 	/System/Library/Frameworks/ImageIO.framework/Versions/A/Resources/libRadiance.dylib
0x000000024634a000 	/System/Library/PrivateFrameworks/GPUCompiler.framework/Versions/32023/Libraries/libllvm-flatbuffers.dylib
0x0000000241746000 	/System/Library/PrivateFrameworks/FramePacing.framework/Versions/A/FramePacing
0x00000001ed8bb000 	/System/Library/Frameworks/OpenGL.framework/Versions/A/Libraries/libCoreFSCache.dylib
0x00000002422bb000 	/System/Library/PrivateFrameworks/GPUCompiler.framework/Versions/32023/Libraries/libGPUCompilerUtils.dylib
0x000000024167c000 	/System/Library/PrivateFrameworks/FontServices.framework/libXTFontStaticRegistryData.dylib
0x00000001a8926000 	/System/Library/PrivateFrameworks/ASEProcessing.framework/Versions/A/ASEProcessing
0x000000025977d000 	/System/Library/PrivateFrameworks/PhotosensitivityProcessing.framework/Versions/A/PhotosensitivityProcessing
0x000000019d21a000 	/System/Library/PrivateFrameworks/GraphVisualizer.framework/Versions/A/GraphVisualizer
0x00000001ed919000 	/System/Library/Frameworks/OpenGL.framework/Versions/A/Libraries/libGLU.dylib
0x00000001ed8dd000 	/System/Library/Frameworks/OpenGL.framework/Versions/A/Libraries/libGFXShared.dylib
0x00000001edaa5000 	/System/Library/Frameworks/OpenGL.framework/Versions/A/Libraries/libGL.dylib
0x00000001ed8e6000 	/System/Library/Frameworks/OpenGL.framework/Versions/A/Libraries/libGLImage.dylib
0x00000001ed8da000 	/System/Library/Frameworks/OpenGL.framework/Versions/A/Libraries/libCVMSPluginSupport.dylib
0x00000001ed8c3000 	/System/Library/Frameworks/OpenGL.framework/Versions/A/Libraries/libCoreVMClient.dylib
0x0000000199947000 	/System/Library/Frameworks/MetalPerformanceShaders.framework/Versions/A/Frameworks/MPSCore.framework/Versions/A/MPSCore
0x000000019b06f000 	/System/Library/Frameworks/MetalPerformanceShaders.framework/Versions/A/Frameworks/MPSImage.framework/Versions/A/MPSImage
0x000000019aab8000 	/System/Library/Frameworks/MetalPerformanceShaders.framework/Versions/A/Frameworks/MPSNeuralNetwork.framework/Versions/A/MPSNeuralNetwork
0x000000019aeef000 	/System/Library/Frameworks/MetalPerformanceShaders.framework/Versions/A/Frameworks/MPSMatrix.framework/Versions/A/MPSMatrix
0x000000019ad04000 	/System/Library/Frameworks/MetalPerformanceShaders.framework/Versions/A/Frameworks/MPSRayIntersector.framework/Versions/A/MPSRayIntersector
0x000000019af21000 	/System/Library/Frameworks/MetalPerformanceShaders.framework/Versions/A/Frameworks/MPSNDArray.framework/Versions/A/MPSNDArray
0x00000001f11bb000 	/System/Library/Frameworks/MetalPerformanceShaders.framework/Versions/A/Frameworks/MPSFunctions.framework/Versions/A/MPSFunctions
0x00000001f119d000 	/System/Library/Frameworks/MetalPerformanceShaders.framework/Versions/A/Frameworks/MPSBenchmarkLoop.framework/Versions/A/MPSBenchmarkLoop
0x000000018dc84000 	/System/Library/PrivateFrameworks/MetalTools.framework/Versions/A/MetalTools
0x00000001bafb3000 	/System/Library/PrivateFrameworks/IOAccelMemoryInfo.framework/Versions/A/IOAccelMemoryInfo
0x00000001c86b8000 	/System/Library/PrivateFrameworks/kperf.framework/Versions/A/kperf
0x00000001b6331000 	/System/Library/PrivateFrameworks/GPURawCounter.framework/Versions/A/GPURawCounter
0x000000019dce2000 	/System/Library/Frameworks/ApplicationServices.framework/Versions/A/Frameworks/ATSUI.framework/Versions/A/ATSUI
0x000000019f7b4000 	/usr/lib/libcups.2.dylib
0x000000019f84e000 	/System/Library/Frameworks/Kerberos.framework/Versions/A/Kerberos
0x000000019f4b4000 	/usr/lib/libresolv.9.dylib
0x000000019b67e000 	/usr/lib/libiconv.2.dylib
0x000000019d278000 	/System/Library/PrivateFrameworks/Heimdal.framework/Versions/A/Heimdal
0x00000001a773a000 	/System/Library/Frameworks/Kerberos.framework/Versions/A/Libraries/libHeimdalProxy.dylib
0x000000019d05d000 	/usr/lib/libheimdal-asn1.dylib
0x0000000196be3000 	/System/Library/Frameworks/OpenDirectory.framework/Versions/A/OpenDirectory
0x000000019f8b1000 	/System/Library/PrivateFrameworks/CommonAuth.framework/Versions/A/CommonAuth
0x0000000196bf1000 	/System/Library/Frameworks/OpenDirectory.framework/Versions/A/Frameworks/CFOpenDirectory.framework/Versions/A/CFOpenDirectory
0x000000019b5d9000 	/usr/lib/libcharset.1.dylib
0x00000001ede41000 	/System/Library/Frameworks/AVFAudio.framework/Versions/A/AVFAudio
0x00000001afc1d000 	/System/Library/PrivateFrameworks/AXCoreUtilities.framework/Versions/A/AXCoreUtilities
0x000000024deef000 	/System/Library/PrivateFrameworks/IsolatedCoreAudioClient.framework/Versions/A/IsolatedCoreAudioClient
0x000000019f425000 	/usr/lib/libAudioStatistics.dylib
0x0000000198a54000 	/System/Library/PrivateFrameworks/caulk.framework/Versions/A/caulk
0x000000018fb09000 	/System/Library/PrivateFrameworks/AudioToolboxCore.framework/Versions/A/AudioToolboxCore
0x00000001a9a30000 	/System/Library/Frameworks/CoreMIDI.framework/Versions/A/CoreMIDI
0x000000019f3c7000 	/System/Library/PrivateFrameworks/AudioSession.framework/Versions/A/AudioSession
0x00000001a0cca000 	/System/Library/Frameworks/IOBluetooth.framework/Versions/A/IOBluetooth
0x000000019d147000 	/System/Library/PrivateFrameworks/MediaExperience.framework/Versions/A/MediaExperience
0x0000000267ffb000 	/System/Library/PrivateFrameworks/Tightbeam.framework/Versions/A/Tightbeam
0x000000023bee0000 	/System/Library/PrivateFrameworks/CoreAudioOrchestration.framework/Versions/A/CoreAudioOrchestration
0x00000001ccff1000 	/System/Library/PrivateFrameworks/AFKUser.framework/Versions/A/AFKUser
0x00000001b6335000 	/usr/lib/swift/libswiftCoreAudio.dylib
0x000000019d267000 	/System/Library/PrivateFrameworks/AppServerSupport.framework/Versions/A/AppServerSupport
0x000000019f832000 	/System/Library/PrivateFrameworks/perfdata.framework/Versions/A/perfdata
0x00000001b54e9000 	/System/Library/PrivateFrameworks/SystemPolicy.framework/Versions/A/SystemPolicy
0x000000019f6d3000 	/usr/lib/libSMC.dylib
0x000000019dbc5000 	/usr/lib/libAudioToolboxUtility.dylib
0x000000019f840000 	/usr/lib/libperfcheck.dylib
0x0000000237e07000 	/System/Library/PrivateFrameworks/AudioAnalytics.framework/Versions/A/AudioAnalytics
0x00000001d9b03000 	/System/Library/Frameworks/OSLog.framework/Versions/A/OSLog
0x00000001b62fc000 	/usr/lib/libmis.dylib
0x000000019f1d5000 	/System/Library/PrivateFrameworks/AudioSession.framework/libSessionUtility.dylib
0x000000019dd16000 	/System/Library/PrivateFrameworks/CMCaptureCore.framework/Versions/A/CMCaptureCore
0x00000001ef4ea000 	/System/Library/Frameworks/ExtensionFoundation.framework/Versions/A/ExtensionFoundation
0x00000001a5403000 	/System/Library/PrivateFrameworks/CoreTime.framework/Versions/A/CoreTime
0x000000019cf41000 	/System/Library/PrivateFrameworks/PlugInKit.framework/Versions/A/PlugInKit
0x00000001a3f2a000 	/System/Library/Frameworks/CoreBluetooth.framework/Versions/A/CoreBluetooth
0x00000001a773b000 	/System/Library/Frameworks/AudioUnit.framework/Versions/A/AudioUnit
0x000000019a793000 	/System/Library/PrivateFrameworks/CoreUtils.framework/Versions/A/CoreUtils
0x000000023ee93000 	/System/Library/PrivateFrameworks/CoreUtilsExtras.framework/Versions/A/CoreUtilsExtras
0x00000001a3363000 	/System/Library/Frameworks/MediaAccessibility.framework/Versions/A/MediaAccessibility
0x00000001be953000 	/System/Library/PrivateFrameworks/AttributeGraph.framework/Versions/A/AttributeGraph
0x00000002746ea000 	/usr/lib/libAXSafeCategoryBundle.dylib
0x00000001afcd9000 	/usr/lib/libAccessibility.dylib
0x000000019a5dd000 	/System/Library/Frameworks/Accelerate.framework/Versions/A/Frameworks/vecLib.framework/Versions/A/libvDSP.dylib
0x000000019b946000 	/System/Library/Frameworks/Accelerate.framework/Versions/A/Frameworks/vecLib.framework/Versions/A/libLAPACK.dylib
0x000000019aaa3000 	/System/Library/Frameworks/Accelerate.framework/Versions/A/Frameworks/vecLib.framework/Versions/A/libLinearAlgebra.dylib
0x000000019b841000 	/System/Library/Frameworks/Accelerate.framework/Versions/A/Frameworks/vecLib.framework/Versions/A/libSparseBLAS.dylib
0x000000019b941000 	/System/Library/Frameworks/Accelerate.framework/Versions/A/Frameworks/vecLib.framework/Versions/A/libQuadrature.dylib
0x0000000199b30000 	/System/Library/Frameworks/Accelerate.framework/Versions/A/Frameworks/vecLib.framework/Versions/A/libBNNS.dylib
0x000000018e5aa000 	/System/Library/Frameworks/Accelerate.framework/Versions/A/Frameworks/vecLib.framework/Versions/A/libSparse.dylib
0x000000024f666000 	/System/Library/PrivateFrameworks/MIL.framework/Versions/A/MIL
0x000000019dca9000 	/System/Library/PrivateFrameworks/GPUWrangler.framework/Versions/A/GPUWrangler
0x000000019dc89000 	/System/Library/PrivateFrameworks/IOPresentment.framework/Versions/A/IOPresentment
0x000000019dcb1000 	/System/Library/PrivateFrameworks/DSExternalDisplay.framework/Versions/A/DSExternalDisplay
0x00000001d9f0a000 	/System/Library/PrivateFrameworks/HIDDisplay.framework/Versions/A/HIDDisplay
0x00000001aeef7000 	/System/Library/PrivateFrameworks/HID.framework/Versions/A/HID
0x000000026b83d000 	/System/Library/PrivateFrameworks/VideoToolboxParavirtualizationSupport.framework/Versions/A/VideoToolboxParavirtualizationSupport
0x000000019cff9000 	/System/Library/PrivateFrameworks/AppleVA.framework/Versions/A/AppleVA
0x00000001a4f72000 	/System/Library/PrivateFrameworks/GraphicsServices.framework/Versions/A/GraphicsServices
0x000000019fa24000 	/System/Library/PrivateFrameworks/CorePhoneNumbers.framework/Versions/A/CorePhoneNumbers
0x00000001a4112000 	/System/Library/PrivateFrameworks/MediaKit.framework/Versions/A/MediaKit
0x00000001a405d000 	/System/Library/Frameworks/DiscRecording.framework/Versions/A/DiscRecording
0x000000019f813000 	/System/Library/PrivateFrameworks/NetAuth.framework/Versions/A/NetAuth
0x0000000196de1000 	/System/Library/PrivateFrameworks/login.framework/Versions/A/Frameworks/loginsupport.framework/Versions/A/loginsupport
0x000000019d067000 	/System/Library/PrivateFrameworks/IconFoundation.framework/Versions/A/IconFoundation
0x000000019cde4000 	/usr/lib/libIOReport.dylib
0x0000000237a17000 	/System/Library/PrivateFrameworks/AppleMobileFileIntegrity.framework/Versions/A/AppleMobileFileIntegrity
0x0000000274aac000 	/usr/lib/libTLE.dylib
0x00000001ea917000 	/System/Library/PrivateFrameworks/ConfigProfileHelper.framework/Versions/A/ConfigProfileHelper
0x000000019aa40000 	/usr/lib/libmecab.dylib
0x000000018e73a000 	/usr/lib/libCRFSuite.dylib
0x0000000199a0c000 	/System/Library/PrivateFrameworks/CoreNLP.framework/Versions/A/CoreNLP
0x000000019b7f9000 	/usr/lib/libThaiTokenizer.dylib
0x000000019aa0a000 	/usr/lib/libCheckFix.dylib
0x0000000196023000 	/System/Library/PrivateFrameworks/MetadataUtilities.framework/Versions/A/MetadataUtilities
0x000000024ae9a000 	/System/Library/PrivateFrameworks/InstalledContentLibrary.framework/Versions/A/InstalledContentLibrary
0x0000000191222000 	/System/Library/PrivateFrameworks/CoreServicesStore.framework/Versions/A/CoreServicesStore
0x00000001c87c2000 	/System/Library/PrivateFrameworks/MobileSystemServices.framework/Versions/A/MobileSystemServices
0x000000019cca5000 	/usr/lib/libxslt.1.dylib
0x000000019a9cd000 	/System/Library/PrivateFrameworks/BackgroundTaskManagement.framework/Versions/A/BackgroundTaskManagement
0x00000001a6e9a000 	/usr/lib/libcurl.4.dylib
0x0000000274ce0000 	/usr/lib/libcrypto.46.dylib
0x000000027580a000 	/usr/lib/libssl.48.dylib
0x00000001a6b72000 	/System/Library/Frameworks/LDAP.framework/Versions/A/LDAP
0x00000001a6bae000 	/System/Library/PrivateFrameworks/TrustEvaluationAgent.framework/Versions/A/TrustEvaluationAgent
0x000000019f4d1000 	/usr/lib/libsasl2.2.dylib
0x00000001b36be000 	/usr/lib/swift/libswiftCoreGraphics.dylib
0x00000001a3992000 	/usr/lib/swift/libswiftFoundation.dylib
0x00000001ea3a1000 	/usr/lib/swift/libswiftSwiftOnoneSupport.dylib
0x00000001d61b6000 	/System/Library/PrivateFrameworks/CoreMaterial.framework/Versions/A/CoreMaterial
0x000000025c0a0000 	/System/Library/PrivateFrameworks/SFSymbols.framework/Versions/A/SFSymbols
0x00000001a2c5d000 	/System/Library/PrivateFrameworks/SpeechRecognitionCore.framework/Versions/A/SpeechRecognitionCore
0x00000001037ec000 	/Users/cemakar/.gradle/caches/8.9/transforms/a25bcce369cea82ec36a432a89c992fb/transformed/ideaIC-2024.3-aarch64/jbr/Contents/Home/lib/server/libjvm.dylib
0x0000000102204000 	/Users/cemakar/.gradle/caches/8.9/transforms/a25bcce369cea82ec36a432a89c992fb/transformed/ideaIC-2024.3-aarch64/jbr/Contents/Home/lib/libjimage.dylib
0x0000000102230000 	/Users/cemakar/.gradle/caches/8.9/transforms/a25bcce369cea82ec36a432a89c992fb/transformed/ideaIC-2024.3-aarch64/jbr/Contents/Home/lib/libinstrument.dylib
0x0000000102278000 	/Users/cemakar/.gradle/caches/8.9/transforms/a25bcce369cea82ec36a432a89c992fb/transformed/ideaIC-2024.3-aarch64/jbr/Contents/Home/lib/libjava.dylib
0x0000000102594000 	/Users/cemakar/.gradle/caches/8.9/transforms/a25bcce369cea82ec36a432a89c992fb/transformed/ideaIC-2024.3-aarch64/jbr/Contents/Home/lib/libzip.dylib
0x00000001025bc000 	/Users/cemakar/.gradle/caches/8.9/transforms/a25bcce369cea82ec36a432a89c992fb/transformed/ideaIC-2024.3-aarch64/jbr/Contents/Home/lib/libnio.dylib
0x000000010256c000 	/Users/cemakar/.gradle/caches/8.9/transforms/a25bcce369cea82ec36a432a89c992fb/transformed/ideaIC-2024.3-aarch64/jbr/Contents/Home/lib/libnet.dylib
0x0000000141574000 	/Users/cemakar/.gradle/caches/8.9/transforms/a25bcce369cea82ec36a432a89c992fb/transformed/ideaIC-2024.3-aarch64/jbr/Contents/Home/lib/libverify.dylib


VM Arguments:
jvm_args: -Daether.connector.resumeDownloads=false -Dapple.awt.application.appearance=system -Dcompose.swing.render.on.graphics=true -Didea.classpath.index.enabled=false -Didea.config.path=/Users/cemakar/Desktop/projects/recordrelay/plugin/build/idea-sandbox/IC-2024.3/config-test -Didea.force.use.core.classloader=true -Didea.log.path=/Users/cemakar/Desktop/projects/recordrelay/plugin/build/idea-sandbox/IC-2024.3/log-test -Didea.paths.selector=IdeaIC2024.3 -Didea.platform.prefix=Idea -Didea.plugins.path=/Users/cemakar/Desktop/projects/recordrelay/plugin/build/idea-sandbox/IC-2024.3/plugins-test -Didea.system.path=/Users/cemakar/Desktop/projects/recordrelay/plugin/build/idea-sandbox/IC-2024.3/system-test -Didea.use.core.classloader.for.plugin.path=true -Didea.vendor.name=JetBrains -Dintellij.platform.runtime.repository.path=/Users/cemakar/.gradle/caches/8.9/transforms/a25bcce369cea82ec36a432a89c992fb/transformed/ideaIC-2024.3-aarch64/modules/module-descriptors.jar -Djava.system.class.loader=com.intellij.util.lang.PathClassLoader -Djava.util.zip.use.nio.for.zip.file.access=true -Djbr.catch.SIGABRT=true -Djdk.attach.allowAttachSelf=true -Djdk.http.auth.tunneling.disabledSchemes="" -Djdk.module.illegalAccess.silent=true -Djdk.nio.maxCachedBufferSize=2097152 -Djna.boot.library.path=/Users/cemakar/.gradle/caches/8.9/transforms/a25bcce369cea82ec36a432a89c992fb/transformed/ideaIC-2024.3-aarch64/lib/jna/aarch64 -Djna.noclasspath=true -Djna.nosys=true -Dorg.gradle.internal.worker.tmpdir=/Users/cemakar/Desktop/projects/recordrelay/plugin/build/tmp/test/work -Dplugin.path=/Users/cemakar/Desktop/projects/recordrelay/plugin/build/idea-sandbox/IC-2024.3/plugins-test/plugin -Dpty4j.preferred.native.folder=/Users/cemakar/.gradle/caches/8.9/transforms/a25bcce369cea82ec36a432a89c992fb/transformed/ideaIC-2024.3-aarch64/lib/pty4j -Dsplash=true -Dsun.io.useCanonCaches=false -Dsun.java2d.metal=true -XX:+EnableDynamicAgentLoading -javaagent:/Users/cemakar/Desktop/projects/recordrelay/plugin/build/tmp/.cache/expanded/zip_ff7bf8f04f99dc306508d1c81e47a68b/jacocoagent.jar=destfile=build/jacoco/test.exec,append=true,inclnolocationclasses=false,dumponexit=true,output=file,jmx=false -XX:ReservedCodeCacheSize=512m -XX:+HeapDumpOnOutOfMemoryError -XX:-OmitStackTraceInFastThrow -XX:CICompilerCount=2 -XX:+IgnoreUnrecognizedVMOptions -XX:+UnlockDiagnosticVMOptions -XX:TieredOldPercentage=100000 -javaagent:/Users/cemakar/Desktop/projects/recordrelay/plugin/build/coroutines-javaagent.jar --add-opens=java.base/java.io=ALL-UNNAMED --add-opens=java.base/java.lang=ALL-UNNAMED --add-opens=java.base/java.lang.ref=ALL-UNNAMED --add-opens=java.base/java.lang.reflect=ALL-UNNAMED --add-opens=java.base/java.net=ALL-UNNAMED --add-opens=java.base/java.nio=ALL-UNNAMED --add-opens=java.base/java.nio.charset=ALL-UNNAMED --add-opens=java.base/java.text=ALL-UNNAMED --add-opens=java.base/java.time=ALL-UNNAMED --add-opens=java.base/java.util=ALL-UNNAMED --add-opens=java.base/java.util.concurrent=ALL-UNNAMED --add-opens=java.base/java.util.concurrent.atomic=ALL-UNNAMED --add-opens=java.base/java.util.concurrent.locks=ALL-UNNAMED --add-opens=java.base/jdk.internal.vm=ALL-UNNAMED --add-opens=java.base/sun.net.dns=ALL-UNNAMED --add-opens=java.base/sun.nio.ch=ALL-UNNAMED --add-opens=java.base/sun.nio.fs=ALL-UNNAMED --add-opens=java.base/sun.security.ssl=ALL-UNNAMED --add-opens=java.base/sun.security.util=ALL-UNNAMED --add-opens=java.desktop/com.apple.eawt=ALL-UNNAMED --add-opens=java.desktop/com.apple.eawt.event=ALL-UNNAMED --add-opens=java.desktop/com.apple.laf=ALL-UNNAMED --add-opens=java.desktop/com.sun.java.swing=ALL-UNNAMED --add-opens=java.desktop/java.awt=ALL-UNNAMED --add-opens=java.desktop/java.awt.dnd.peer=ALL-UNNAMED --add-opens=java.desktop/java.awt.event=ALL-UNNAMED --add-opens=java.desktop/java.awt.font=ALL-UNNAMED --add-opens=java.desktop/java.awt.image=ALL-UNNAMED --add-opens=java.desktop/java.awt.peer=ALL-UNNAMED --add-opens=java.desktop/javax.swing=ALL-UNNAMED --add-opens=java.desktop/javax.swing.plaf.basic=ALL-UNNAMED --add-opens=java.desktop/javax.swing.text=ALL-UNNAMED --add-opens=java.desktop/javax.swing.text.html=ALL-UNNAMED --add-opens=java.desktop/sun.awt=ALL-UNNAMED --add-opens=java.desktop/sun.awt.datatransfer=ALL-UNNAMED --add-opens=java.desktop/sun.awt.image=ALL-UNNAMED --add-opens=java.desktop/sun.font=ALL-UNNAMED --add-opens=java.desktop/sun.java2d=ALL-UNNAMED --add-opens=java.desktop/sun.lwawt=ALL-UNNAMED --add-opens=java.desktop/sun.lwawt.macosx=ALL-UNNAMED --add-opens=java.desktop/sun.swing=ALL-UNNAMED --add-opens=java.management/sun.management=ALL-UNNAMED --add-opens=jdk.attach/sun.tools.attach=ALL-UNNAMED --add-opens=jdk.compiler/com.sun.tools.javac.api=ALL-UNNAMED --add-opens=jdk.internal.jvmstat/sun.jvmstat.monitor=ALL-UNNAMED --add-opens=jdk.jdi/com.sun.tools.jdi=ALL-UNNAMED -Xms128m -Xmx2048m -Dfile.encoding=UTF-8 -Duser.country=TR -Duser.language=en -Duser.variant -ea 
java_command: worker.org.gradle.process.internal.worker.GradleWorkerMain 'Gradle Test Executor 103'
java_class_path (initial): /Users/cemakar/.gradle/caches/8.9/workerMain/gradle-worker.jar:/Users/cemakar/Desktop/projects/recordrelay/plugin/build/instrumented/instrumentCode:/Users/cemakar/Desktop/projects/recordrelay/plugin/build/instrumented/instrumentTestCode:/Users/cemakar/Desktop/projects/recordrelay/plugin/build/classes/java/test:/Users/cemakar/Desktop/projects/recordrelay/plugin/build/resources/test:/Users/cemakar/Desktop/projects/recordrelay/plugin/build/classes/java/main:/Users/cemakar/Desktop/projects/recordrelay/plugin/build/resources/main:/Users/cemakar/Desktop/projects/recordrelay/cli/build/libs/cli-0.1.0-SNAPSHOT.jar:/Users/cemakar/Desktop/projects/recordrelay/engine-batch/build/libs/engine-batch-0.1.0-SNAPSHOT.jar:/Users/cemakar/Desktop/projects/recordrelay/mapping-parsers/build/libs/mapping-parsers-0.1.0-SNAPSHOT.jar:/Users/cemakar/Desktop/projects/recordrelay/connectors/connector-postgresql/build/libs/connector-postgresql-0.1.0-SNAPSHOT.jar:/Users/cemakar/Desktop/projects/recordrelay/connectors/connector-mongodb/build/libs/connector-mongodb-0.1.0-SNAPSHOT.jar:/Users/cemakar/Desktop/projects/recordrelay/connectors/connector-sqlserver/build/libs/connector-sqlserver-0.1.0-SNAPSHOT.jar:/Users/cemakar/Desktop/projects/recordrelay/connectors/connector-oracle/build/libs/connector-oracle-0.1.0-SNAPSHOT.jar:/Users/cemakar/Desktop/projects/recordrelay/connectors/connector-cassandra/build/libs/connector-cassandra-0.1.0-SNAPSHOT.jar:/Users/cemakar/Desktop/projects/recordrelay/connectors/connector-redis/build/libs/connector-redis-0.1.0-SNAPSHOT.jar:/Users/cemakar/Desktop/projects/recordrelay/connectors/connector-elasticsearch/build/libs/connector-elasticsearch-0.1.0-SNAPSHOT.jar:/Users/cemakar/Desktop/projects/recordrelay/connectors/connector-file/build/libs/connector-file-0.1.0-SNAPSHOT.jar:/Users/cemakar/Desktop/projects/recordrelay/connectors/connector-mysql/build/libs/connector-mysql-0.1.0-SNAPSHOT.jar:/Users/cemakar/Desktop/projects/recordrelay/connectors/connector-sqlite/build/libs/connector-sqlite-0.1.0-SNAPSHOT.jar:/Users/cemakar/Desktop/projects/recordrelay/connectors/connector-jdbc-base/build/libs/connector-jdbc-base-0.1.0-SNAPSHOT.jar:/Users/cemakar/Desktop/projects/recordrelay/core/build/libs/core-0.1.0-SNAPSHOT.jar:/Users/cemakar/.gradle/caches/modules-2/files-2.1/com.fasterxml.jackson.core/jackson-annotations/2.17.2/147b7b9412ffff24339f8aba080b292448e08698/jackson-annotations-2.17.2.jar:/Users/cemakar/.gradle/caches/modules-2/files-2.1/com.datastax.oss/java-driver-core/4.17.0/3d619c4ecb214ac091006ff06ab32198a260f977/java-driver-core-4.17.0.jar:/Users/cemakar/.gradle/caches/modules-2/files-2.1/org.apache.parquet/parquet-avro/1.14.3/1f2629cd8cddb646458291918cfdb71f6ae46973/parquet-avro-1.14.3.jar:/Users/cemakar/.gradle/caches/modules-2/files-2.1/org.apache.hadoop/hadoop-common/3.4.1/9d88de42cb87e5e17d6be936ef4f16db88cbfd25/hadoop-common-3.4.1.jar:/Users/cemakar/.gradle/caches/modules-2/files-2.1/org.apache.avro/avro/1.11.4/25d54640c4a17aa342490c4c63c172759361bf56/avro-1.11.4.jar:/Users/cemakar/.gradle/caches/modules-2/files-2.1/org.apache.parquet/parquet-hadoop/1.14.3/b854b2b0f364611d8f5bd31729d8f1bfdeec0b5a/parquet-hadoop-1.14.3.jar:/Users/cemakar/.gradle/caches/modules-2/files-2.1/com.fasterxml.jackson.datatype/jackson-datatype-jdk8/2.17.2/efd3dd0e1d0db8bc72abbe71c15e697bb83b4b45/jackson-datatype-jdk8-2.17.2.jar:/Users/cemakar/.gradle/caches/modules-2/files-2.1/com.fasterxml.jackson.core/jackson-core/2.17.2/969a35cb35c86512acbadcdbbbfb044c877db814/jackson-core-2.17.2.jar:/Users/cemakar/.gradle/caches/modules-2/files-2.1/com.fasterxml.jackson.core/jackson-databind/2.17.2/e6deb029e5901e027c129341fac39e515066b68c/jackson-databind-2.17.2.jar:/Users/cemakar/.gradle/caches/modules-2/files-2.1/org.junit.jupiter/junit-jupiter/5.10.3/6686d8fbf251f9bf8ecba413cab57b9e00f9134d/junit-jupiter-5.10.3.jar:/Users/cemakar/.gradle/caches/modules-2/files-2.1/org.mockito/mockito-junit-jupiter/5.12.0/879cbbd8ec07813d7330c2b2454eb1a77c84b7f7/mockito-junit-jupiter-5.12.0.jar:/Users/cemakar/.gradle/caches/modules-2/files-2.1/org.junit.jupiter/junit-jupiter-params/5.10.3/4852f4e4af9074d9214213b199751f99efeab8b9/junit-jupiter-params-5.10.3.jar:/Users/cemakar/.gradle/caches/modules-2/files-2.1/org.junit.jupiter/junit-jupiter-engine/5.10.3/48c14e866bb1a87ca35d24ff068463bb202ada24/junit-jupiter-engine-5.10.3.jar:/Users/cemakar/.gradle/caches/modules-2/files-2.1/org.junit.jupiter/junit-jupiter-api/5.10.3/a22aa91d1d6c69b2020a9aeb6d095ea81132bfa5/junit-jupiter-api-5.10.3.jar:/Users/cemakar/.gradle/caches/modules-2/files-2.1/org.junit.platform/junit-platform-engine/1.10.3/365a320c3cfd47f3346625e541e424e35dc75c42/junit-platform-engine-1.10.3.jar:/Users/cemakar/.gradle/caches/modules-2/files-2.1/org.junit.platform/junit-platform-commons/1.10.3/a353d42a2f13343a7cb80c5228ae66ff64495481/junit-platform-commons-1.10.3.jar:/Users/cemakar/.gradle/caches/modules-2/files-2.1/org.assertj/assertj-core/3.26.0/fc4a3d051da838946f9dffe725efbd06cd7d1eec/assertj-core-3.26.0.jar:/Users/cemakar/.gradle/caches/modules-2/files-2.1/org.mockito/mockito-core/5.12.0/22f8bbaf478e6789164787fa411a3b5ed986e110/mockito-core-5.12.0.jar:/Users/cemakar/.gradle/caches/modules-2/files-2.1/ch.qos.logback/logback-classic/1.5.6/afc75d260d838a3bddfb8f207c2805ed7d1b34f9/logback-classic-1.5.6.jar:/Users/cemakar/.gradle/caches/modules-2/files-2.1/com.zaxxer/HikariCP/5.1.0/8c96e36c14461fc436bb02b264b96ef3ca5dca8c/HikariCP-5.1.0.jar:/Users/cemakar/.gradle/caches/modules-2/files-2.1/org.apache.hadoop/hadoop-auth/3.4.1/6f107159c412d30a190104a8f5dabec62f60b802/hadoop-auth-3.4.1.jar:/Users/cemakar/.gradle/caches/modules-2/files-2.1/io.dropwizard.metrics/metrics-core/4.1.18/5269d9e6872a8112c762f668dc7229dee127e745/metrics-core-4.1.18.jar:/Users/cemakar/.gradle/caches/modules-2/files-2.1/org.apache.parquet/parquet-column/1.14.3/8823a782a25ad4c082b1dc350acfb5af90dad99a/parquet-column-1.14.3.jar:/Users/cemakar/.gradle/caches/modules-2/files-2.1/org.apache.parquet/parquet-encoding/1.14.3/c5f7c5181ab31f3ec741a1b95941fb3a4c8c158c/parquet-encoding-1.14.3.jar:/Users/cemakar/.gradle/caches/modules-2/files-2.1/org.apache.parquet/parquet-common/1.14.3/1c42e8293887ab3c85a2f904595c65018f4dc42c/parquet-common-1.14.3.jar:/Users/cemakar/.gradle/caches/modules-2/files-2.1/org.slf4j/slf4j-reload4j/1.7.36/db708f7d959dee1857ac524636e85ecf2e1781c1/slf4j-reload4j-1.7.36.jar:/Users/cemakar/.gradle/caches/modules-2/files-2.1/dnsjava/dnsjava/3.6.1/bbc749a92721a6ac61a1dcc2b221d098ceca356a/dnsjava-3.6.1.jar:/Users/cemakar/.gradle/caches/modules-2/files-2.1/org.apache.kerby/kerb-util/2.0.3/dda5fbcbd1e8d5de40edcf6161faf94b915152ce/kerb-util-2.0.3.jar:/Users/cemakar/.gradle/caches/modules-2/files-2.1/org.apache.kerby/kerb-crypto/2.0.3/a19d9c3fbcf52abd2f804f2d88f8bbf4195883a8/kerb-crypto-2.0.3.jar:/Users/cemakar/.gradle/caches/modules-2/files-2.1/org.apache.kerby/kerb-core/2.0.3/2ed4ee03585bb1749f3d5bf4951208cb36839e82/kerb-core-2.0.3.jar:/Users/cemakar/.gradle/caches/modules-2/files-2.1/org.apache.kerby/kerby-pkix/2.0.3/8301fe828f3b931617df990f77da636eacd9212d/kerby-pkix-2.0.3.jar:/Users/cemakar/.gradle/caches/modules-2/files-2.1/org.apache.kerby/kerby-config/2.0.3/322b25b1fb7f57f6987c54c5ef32887036108d61/kerby-config-2.0.3.jar:/Users/cemakar/.gradle/caches/modules-2/files-2.1/org.slf4j/slf4j-api/2.0.13/80229737f704b121a318bba5d5deacbcf395bc77/slf4j-api-2.0.13.jar:/Users/cemakar/.gradle/caches/modules-2/files-2.1/info.picocli/picocli/4.7.6/77c2cb87814b6a03d431fc856024a9f8ff605ad4/picocli-4.7.6.jar:/Users/cemakar/.gradle/caches/modules-2/files-2.1/org.yaml/snakeyaml/2.3/936b36210e27320f920536f695cf1af210c44586/snakeyaml-2.3.jar:/Users/cemakar/.gradle/caches/modules-2/files-2.1/org.springframework.batch/spring-batch-core/5.1.2/461b30be2f5e0daaa7fb96e9fbcb98b2a1c12e24/spring-batch-core-5.1.2.jar:/Users/cemakar/.gradle/caches/modules-2/files-2.1/org.springframework/spring-jdbc/6.1.14/30ecdc7b9031553835ae16fa786fb24297adc857/spring-jdbc-6.1.14.jar:/Users/cemakar/.gradle/caches/modules-2/files-2.1/com.h2database/h2/2.3.232/4fcc05d966ccdb2812ae8b9a718f69226c0cf4e2/h2-2.3.232.jar:/Users/cemakar/.gradle/caches/modules-2/files-2.1/com.github.jsqlparser/jsqlparser/4.9/61e518b38d291ab2430ada3eb544b5c39303996e/jsqlparser-4.9.jar:/Users/cemakar/.gradle/caches/modules-2/files-2.1/org.postgresql/postgresql/42.7.3/24f3e9f7231428cd20eb4dde00dd3fce44e05464/postgresql-42.7.3.jar:/Users/cemakar/.gradle/caches/modules-2/files-2.1/org.mongodb/mongodb-driver-sync/5.1.1/3f93cf774698a892e65ad0ea421de1b7042bdc43/mongodb-driver-sync-5.1.1.jar:/Users/cemakar/.gradle/caches/modules-2/files-2.1/com.mysql/mysql-connector-j/9.1.0/5fb1d513278e1a9767dfa80ea9d8d7ee909f1a/mysql-connector-j-9.1.0.jar:/Users/cemakar/.gradle/caches/modules-2/files-2.1/com.microsoft.sqlserver/mssql-jdbc/12.8.1.jre11/1f641274a8cc1ff71d05eb6d5c9f8e8a6d217c54/mssql-jdbc-12.8.1.jre11.jar:/Users/cemakar/.gradle/caches/modules-2/files-2.1/com.oracle.database.jdbc/ojdbc11/23.6.0.24.10/2cc0896304c2a35013f044bd454c26f8e03ea112/ojdbc11-23.6.0.24.10.jar:/Users/cemakar/.gradle/caches/modules-2/files-2.1/org.xerial/sqlite-jdbc/3.47.1.0/c49b2969ec5a6ac6b34857401d184a2d1082c393/sqlite-jdbc-3.47.1.0.jar:/Users/cemakar/.gradle/caches/modules-2/files-2.1/io.lettuce/lettuce-core/6.4.1.RELEASE/5e4483ac2281c76bd89754ce0192b3663b5cf68/lettuce-core-6.4.1.RELEASE.jar:/Users/cemakar/.gradle/caches/modules-2/files-2.1/co.elastic.clients/elasticsearch-java/8.17.0/3f6f3f8b424316e5c4c338a4751320e36c9bd4d/elasticsearch-java-8.17.0.jar:/Users/cemakar/.gradle/caches/modules-2/files-2.1/org.eclipse.parsson/parsson/1.0.5/f68020271ff70f79412f70ca45973703b6e907c/parsson-1.0.5.jar:/Users/cemakar/.gradle/caches/modules-2/files-2.1/jakarta.json/jakarta.json-api/2.1.3/4febd83e1d9d1561d078af460ecd19532383735c/jakarta.json-api-2.1.3.jar:/Users/cemakar/.gradle/caches/modules-2/files-2.1/org.apache.commons/commons-csv/1.12.0/c77e053d7189bc0857f8d323ab61cb949965fbd1/commons-csv-1.12.0.jar:/Users/cemakar/.gradle/caches/modules-2/files-2.1/org.apache.poi/poi-ooxml/5.3.0/55e5ecb93bd06ff70857d514b3607ae22866806c/poi-ooxml-5.3.0.jar:/Users/cemakar/.gradle/caches/modules-2/files-2.1/net.bytebuddy/byte-buddy/1.14.16/e1b9a06e131b7d5b183c8ccc7c29b9e5a8dba077/byte-buddy-1.14.16.jar:/Users/cemakar/.gradle/caches/modules-2/files-2.1/net.bytebuddy/byte-buddy-agent/1.14.15/b4cc9d88d5de562bf75b3a54ab436ad01b3f72d/byte-buddy-agent-1.14.15.jar:/Users/cemakar/.gradle/caches/modules-2/files-2.1/org.objenesis/objenesis/3.3/1049c09f1de4331e8193e579448d0916d75b7631/objenesis-3.3.jar:/Users/cemakar/.gradle/caches/modules-2/files-2.1/ch.qos.logback/logback-core/1.5.6/41cbe874701200c5624c19e0ab50d1b88dfcc77d/logback-core-1.5.6.jar:/Users/cemakar/.gradle/caches/modules-2/files-2.1/org.springframework.batch/spring-batch-infrastructure/5.1.2/bfc8439a45a0681f44771d3b15f5c61fe4751db7/spring-batch-infrastructure-5.1.2.jar:/Users/cemakar/.gradle/caches/modules-2/files-2.1/org.springframework/spring-context/6.1.7/79b58feff240ae44c4a6fff557e32ecd5d3bbf2f/spring-context-6.1.7.jar:/Users/cemakar/.gradle/caches/modules-2/files-2.1/org.springframework/spring-aop/6.1.7/9c75eae25ee91afc584541e4fdce1e7b840d7afe/spring-aop-6.1.7.jar:/Users/cemakar/.gradle/caches/modules-2/files-2.1/org.springframework/spring-tx/6.1.14/f6cc1a08472e8ac51298a26bbe0f8b3d47d43175/spring-tx-6.1.14.jar:/Users/cemakar/.gradle/caches/modules-2/files-2.1/org.springframework/spring-beans/6.1.14/be71b919145e20fb7f38c81467d7d0f1c09ad1bd/spring-beans-6.1.14.jar:/Users/cemakar/.gradle/caches/modules-2/files-2.1/io.micrometer/micrometer-core/1.12.6/f5b536d190846434973f58d975b348b641da1569/micrometer-core-1.12.6.jar:/Users/cemakar/.gradle/caches/modules-2/files-2.1/io.micrometer/micrometer-observation/1.12.6/ec96cbd5bafac7be6f8192b5c3c926930b571b30/micrometer-observation-1.12.6.jar:/Users/cemakar/.gradle/caches/modules-2/files-2.1/org.springframework/spring-expression/6.1.7/e061718370580a48bdb16dbbb581cab7d375c324/spring-expression-6.1.7.jar:/Users/cemakar/.gradle/caches/modules-2/files-2.1/org.springframework/spring-core/6.1.14/45d2d808015bf6c5411e457fa09e843042dc3a76/spring-core-6.1.14.jar:/Users/cemakar/.gradle/caches/modules-2/files-2.1/com.google.guava/guava/27.0-jre/c6ad87d2575af8ac8ec38e28e75aefa882cc3a1f/guava-27.0-jre.jar:/Users/cemakar/.gradle/caches/modules-2/files-2.1/org.checkerframework/checker-qual/3.42.0/638ec33f363a94d41a4f03c3e7d3dcfba64e402d/checker-qual-3.42.0.jar:/Users/cemakar/.gradle/caches/modules-2/files-2.1/org.mongodb/mongodb-driver-core/5.1.1/c0cfaa910851bc1991bef100b3376d16f1133c9e/mongodb-driver-core-5.1.1.jar:/Users/cemakar/.gradle/caches/modules-2/files-2.1/org.mongodb/bson-record-codec/5.1.1/828579f2d4fc3a3b6a62eb3e5c5edc86ea7a3e07/bson-record-codec-5.1.1.jar:/Users/cemakar/.gradle/caches/modules-2/files-2.1/org.mongodb/bson/5.1.1/377ff58cccca0f945477ebf542a47fc6990156b6/bson-5.1.1.jar:/Users/cemakar/.gradle/caches/modules-2/files-2.1/com.google.protobuf/protobuf-java/4.26.1/594fabdcbceb7edfb883fe621d3e97d9cc05fa73/protobuf-java-4.26.1.jar:/Users/cemakar/.gradle/caches/modules-2/files-2.1/com.datastax.oss/native-protocol/1.5.1/97e812373a5fe7667384e7ad67819d2c71878bf8/native-protocol-1.5.1.jar:/Users/cemakar/.gradle/caches/modules-2/files-2.1/io.netty/netty-handler/4.1.107.Final/d4c6b05f4d9aca117981297fb7f02953102ebb5e/netty-handler-4.1.107.Final.jar:/Users/cemakar/.gradle/caches/modules-2/files-2.1/com.datastax.oss/java-driver-shaded-guava/25.1-jre-graal-sub-1/522771d14d6b7dba67056a39db33f205ffbed6a4/java-driver-shaded-guava-25.1-jre-graal-sub-1.jar:/Users/cemakar/.gradle/caches/modules-2/files-2.1/com.typesafe/config/1.4.1/19058a07624a87f90d129af7cd9c68bee94535a9/config-1.4.1.jar:/Users/cemakar/.gradle/caches/modules-2/files-2.1/com.github.jnr/jnr-posix/3.1.15/f7d6737adcbd5925d625b8f99166de2cbf13caac/jnr-posix-3.1.15.jar:/Users/cemakar/.gradle/caches/modules-2/files-2.1/org.hdrhistogram/HdrHistogram/2.1.12/6eb7552156e0d517ae80cc2247be1427c8d90452/HdrHistogram-2.1.12.jar:/Users/cemakar/.gradle/caches/modules-2/files-2.1/io.projectreactor/reactor-core/3.6.6/b337a57753cf1bf653a7eb1083c1117c449a353b/reactor-core-3.6.6.jar:/Users/cemakar/.gradle/caches/modules-2/files-2.1/org.reactivestreams/reactive-streams/1.0.4/3864a1320d97d7b045f729a326e1e077661f31b7/reactive-streams-1.0.4.jar:/Users/cemakar/.gradle/caches/modules-2/files-2.1/com.nimbusds/nimbus-jose-jwt/9.37.2/ed4e78f2d48f9428c2048077666f78a601b5ed3/nimbus-jose-jwt-9.37.2.jar:/Users/cemakar/.gradle/caches/modules-2/files-2.1/com.github.stephenc.jcip/jcip-annotations/1.0-1/ef31541dd28ae2cefdd17c7ebf352d93e9058c63/jcip-annotations-1.0-1.jar:/Users/cemakar/.gradle/caches/modules-2/files-2.1/com.github.spotbugs/spotbugs-annotations/3.1.12/ba2c77a05091820668987292f245f3b089387bfa/spotbugs-annotations-3.1.12.jar:/Users/cemakar/.gradle/caches/modules-2/files-2.1/io.netty/netty-transport-native-epoll/4.1.100.Final/cf3c3ef7cb7b30b58385d824dbaf85f5f72da221/netty-transport-native-epoll-4.1.100.Final.jar:/Users/cemakar/.gradle/caches/modules-2/files-2.1/io.netty/netty-transport-classes-epoll/4.1.100.Final/78489936ca1d91483e34a31d04a3b0812386eb39/netty-transport-classes-epoll-4.1.100.Final.jar:/Users/cemakar/.gradle/caches/modules-2/files-2.1/io.netty/netty-transport-native-unix-common/4.1.107.Final/4d61d4959741109b3eccd7337f11fc89fa90a74a/netty-transport-native-unix-common-4.1.107.Final.jar:/Users/cemakar/.gradle/caches/modules-2/files-2.1/io.netty/netty-codec/4.1.107.Final/a1d32debf2ed07c5852ab5b2904c43adb76c39e/netty-codec-4.1.107.Final.jar:/Users/cemakar/.gradle/caches/modules-2/files-2.1/io.netty/netty-transport/4.1.107.Final/d6a105c621b47d1410e0e09419d7209d2d46e914/netty-transport-4.1.107.Final.jar:/Users/cemakar/.gradle/caches/modules-2/files-2.1/io.netty/netty-resolver/4.1.107.Final/dfee84308341a42131dd0f8ac0e1e02d627c19f3/netty-resolver-4.1.107.Final.jar:/Users/cemakar/.gradle/caches/modules-2/files-2.1/io.netty/netty-buffer/4.1.107.Final/8509a72b8a5a2d33d611e99254aed39765c3ad82/netty-buffer-4.1.107.Final.jar:/Users/cemakar/.gradle/caches/modules-2/files-2.1/io.netty/netty-common/4.1.107.Final/4f17a547530d64becd7179507b25f4154bcfba57/netty-common-4.1.107.Final.jar:/Users/cemakar/.gradle/caches/modules-2/files-2.1/org.elasticsearch.client/elasticsearch-rest-client/8.17.0/9ce9c77188f360bcfd0f7350b33297ac32693c21/elasticsearch-rest-client-8.17.0.jar:/Users/cemakar/.gradle/caches/modules-2/files-2.1/com.google.code.findbugs/jsr305/3.0.2/25ea2e8b0c338a877313bd4672d3fe056ea78f0d/jsr305-3.0.2.jar:/Users/cemakar/.gradle/caches/modules-2/files-2.1/io.opentelemetry/opentelemetry-api/1.29.0/45010687a1181dc886fd12403e48cf76e94c65b1/opentelemetry-api-1.29.0.jar:/Users/cemakar/.gradle/caches/modules-2/files-2.1/org.apache.poi/poi/5.3.0/a26d24e85a2440d7b76d2ddd187abb0ee7c056e/poi-5.3.0.jar:/Users/cemakar/.gradle/caches/modules-2/files-2.1/org.apache.commons/commons-compress/1.26.2/eb1f823447af685208e684fce84783b43517960c/commons-compress-1.26.2.jar:/Users/cemakar/.gradle/caches/modules-2/files-2.1/commons-io/commons-io/2.17.0/ddcc8433eb019fb48fe25207c0278143f3e1d7e2/commons-io-2.17.0.jar:/Users/cemakar/.gradle/caches/modules-2/files-2.1/org.apache.httpcomponents/httpclient/4.5.14/1194890e6f56ec29177673f2f12d0b8e627dec98/httpclient-4.5.14.jar:/Users/cemakar/.gradle/caches/modules-2/files-2.1/commons-codec/commons-codec/1.17.1/973638b7149d333563584137ebf13a691bb60579/commons-codec-1.17.1.jar:/Users/cemakar/.gradle/caches/modules-2/files-2.1/org.apache.poi/poi-ooxml-lite/5.3.0/4a639ca45af85065713bde6c5acddbf1418c3f02/poi-ooxml-lite-5.3.0.jar:/Users/cemakar/.gradle/caches/modules-2/files-2.1/org.apache.xmlbeans/xmlbeans/5.2.1/e16ddf17fe181c202b097e0dcc0ee2fed91cb7da/xmlbeans-5.2.1.jar:/Users/cemakar/.gradle/caches/modules-2/files-2.1/com.github.virtuald/curvesapi/1.08/3d3d36568154059825089b289dcfca481fe44e2c/curvesapi-1.08.jar:/Users/cemakar/.gradle/caches/modules-2/files-2.1/org.apache.logging.log4j/log4j-api/2.23.1/9c15c29c526d9c6783049c0a77722693c66706e1/log4j-api-2.23.1.jar:/Users/cemakar/.gradle/caches/modules-2/files-2.1/org.apache.commons/commons-collections4/4.4/62ebe7544cb7164d87e0637a2a6a2bdc981395e8/commons-collections4-4.4.jar:/Users/cemakar/.gradle/caches/modules-2/files-2.1/org.apache.hadoop.thirdparty/hadoop-shaded-protobuf_3_25/1.3.0/e200d85e76a029edf5d6dbd40aaf66f662c446c3/hadoop-shaded-protobuf_3_25-1.3.0.jar:/Users/cemakar/.gradle/caches/modules-2/files-2.1/org.apache.hadoop/hadoop-annotations/3.4.1/f3deae4653e35daff2362089bc42a90398ed16b3/hadoop-annotations-3.4.1.jar:/Users/cemakar/.gradle/caches/modules-2/files-2.1/org.apache.hadoop.thirdparty/hadoop-shaded-guava/1.3.0/45acdc211dc81757d080ed284fdf54de866e7eaf/hadoop-shaded-guava-1.3.0.jar:/Users/cemakar/.gradle/caches/modules-2/files-2.1/commons-cli/commons-cli/1.5.0/dc98be5d5390230684a092589d70ea76a147925c/commons-cli-1.5.0.jar:/Users/cemakar/.gradle/caches/modules-2/files-2.1/org.apache.commons/commons-math3/3.6.1/e4ba98f1d4b3c80ec46392f25e094a6a2e58fcbf/commons-math3-3.6.1.jar:/Users/cemakar/.gradle/caches/modules-2/files-2.1/commons-net/commons-net/3.9.0/5a4e26802e0a5a42938f987976b55dae4a6cc636/commons-net-3.9.0.jar:/Users/cemakar/.gradle/caches/modules-2/files-2.1/commons-beanutils/commons-beanutils/1.9.4/d52b9abcd97f38c81342bb7e7ae1eee9b73cba51/commons-beanutils-1.9.4.jar:/Users/cemakar/.gradle/caches/modules-2/files-2.1/commons-collections/commons-collections/3.2.2/8ad72fe39fa8c91eaaf12aadb21e0c3661fe26d5/commons-collections-3.2.2.jar:/Users/cemakar/.gradle/caches/modules-2/files-2.1/jakarta.activation/jakarta.activation-api/1.2.1/562a587face36ec7eff2db7f2fc95425c6602bc1/jakarta.activation-api-1.2.1.jar:/Users/cemakar/.gradle/caches/modules-2/files-2.1/org.eclipse.jetty/jetty-webapp/9.4.53.v20231009/e8eaa67afb6670aea2b92b1bdc265ae789a6d79f/jetty-webapp-9.4.53.v20231009.jar:/Users/cemakar/.gradle/caches/modules-2/files-2.1/org.eclipse.jetty/jetty-servlet/9.4.53.v20231009/6670d6a54cdcaedd8090e8cf420fd5dd7d08e859/jetty-servlet-9.4.53.v20231009.jar:/Users/cemakar/.gradle/caches/modules-2/files-2.1/org.eclipse.jetty/jetty-security/9.4.53.v20231009/6fbc8ebe9046954dc2f51d4ba69c8f8344b05f7f/jetty-security-9.4.53.v20231009.jar:/Users/cemakar/.gradle/caches/modules-2/files-2.1/org.eclipse.jetty/jetty-server/9.4.53.v20231009/8b0e761a0b359db59dae77c00b4213b0586cb994/jetty-server-9.4.53.v20231009.jar:/Users/cemakar/.gradle/caches/modules-2/files-2.1/org.eclipse.jetty/jetty-http/9.4.53.v20231009/87faf21eb322753f0527bcb88c43e67044786369/jetty-http-9.4.53.v20231009.jar:/Users/cemakar/.gradle/caches/modules-2/files-2.1/org.eclipse.jetty/jetty-io/9.4.53.v20231009/70cf7649b27c964ad29bfddf58f3bfe0d30346cf/jetty-io-9.4.53.v20231009.jar:/Users/cemakar/.gradle/caches/modules-2/files-2.1/org.eclipse.jetty/jetty-util-ajax/9.4.53.v20231009/4d20f6206eb7747293697c5f64c2dc5bf4bd54a4/jetty-util-ajax-9.4.53.v20231009.jar:/Users/cemakar/.gradle/caches/modules-2/files-2.1/org.eclipse.jetty/jetty-xml/9.4.53.v20231009/90a4618905d53bf962fc35ce6fe7ba34dcec8ecd/jetty-xml-9.4.53.v20231009.jar:/Users/cemakar/.gradle/caches/modules-2/files-2.1/org.eclipse.jetty/jetty-util/9.4.53.v20231009/f72bb4f687b4454052c6f06528ba9910714df947/jetty-util-9.4.53.v20231009.jar:/Users/cemakar/.gradle/caches/modules-2/files-2.1/javax.servlet.jsp/jsp-api/2.1/63f943103f250ef1f3a4d5e94d145a0f961f5316/jsp-api-2.1.jar:/Users/cemakar/.gradle/caches/modules-2/files-2.1/com.github.pjfanning/jersey-json/1.22.0/ecf6e36443141bb75ee8281a22338e66309a1d75/jersey-json-1.22.0.jar:/Users/cemakar/.gradle/caches/modules-2/files-2.1/org.codehaus.jettison/jettison/1.5.4/174ca56c411b05aec323d8f53e66709c0d28b337/jettison-1.5.4.jar:/Users/cemakar/.gradle/caches/modules-2/files-2.1/ch.qos.reload4j/reload4j/1.2.22/f9d9e55d1072d7a697d2bf06e1847e93635a7cf9/reload4j-1.2.22.jar:/Users/cemakar/.gradle/caches/modules-2/files-2.1/org.apache.commons/commons-configuration2/2.10.1/2b681b3bcddeaa5bf5c2a2939cd77e2f9ad6efda/commons-configuration2-2.10.1.jar:/Users/cemakar/.gradle/caches/modules-2/files-2.1/org.apache.commons/commons-text/1.11.0/2bb044b7717ec2eccaf9ea7769c1509054b50e9a/commons-text-1.11.0.jar:/Users/cemakar/.gradle/caches/modules-2/files-2.1/org.apache.commons/commons-lang3/3.14.0/1ed471194b02f2c6cb734a0cd6f6f107c673afae/commons-lang3-3.14.0.jar:/Users/cemakar/.gradle/caches/modules-2/files-2.1/com.google.re2j/re2j/1.1/d716952ab58aa4369ea15126505a36544d50a333/re2j-1.1.jar:/Users/cemakar/.gradle/caches/modules-2/files-2.1/com.google.code.gson/gson/2.9.0/8a1167e089096758b49f9b34066ef98b2f4b37aa/gson-2.9.0.jar:/Users/cemakar/.gradle/caches/modules-2/files-2.1/com.jcraft/jsch/0.1.55/bbd40e5aa7aa3cfad5db34965456cee738a42a50/jsch-0.1.55.jar:/Users/cemakar/.gradle/caches/modules-2/files-2.1/org.apache.curator/curator-recipes/5.2.0/477c28fdc25eb5d59759d8e931be191f11068f4a/curator-recipes-5.2.0.jar:/Users/cemakar/.gradle/caches/modules-2/files-2.1/org.apache.curator/curator-framework/5.2.0/dffcfb521d99b9b7515f7b6041badac62910075e/curator-framework-5.2.0.jar:/Users/cemakar/.gradle/caches/modules-2/files-2.1/org.apache.curator/curator-client/5.2.0/221dde476d45c328da9a08e0671edc4ee654ccb4/curator-client-5.2.0.jar:/Users/cemakar/.gradle/caches/modules-2/files-2.1/org.apache.zookeeper/zookeeper/3.8.4/6638e37b887b5a279044afbdc9928e19f678eb2e/zookeeper-3.8.4.jar:/Users/cemakar/.gradle/caches/modules-2/files-2.1/org.bouncycastle/bcprov-jdk18on/1.78.1/39e9e45359e20998eb79c1828751f94a818d25f8/bcprov-jdk18on-1.78.1.jar:/Users/cemakar/.gradle/caches/modules-2/files-2.1/com.fasterxml.woodstox/woodstox-core/5.4.0/3e05dcce371d3f672feba29f086ad78a93ae3996/woodstox-core-5.4.0.jar:/Users/cemakar/.gradle/caches/modules-2/files-2.1/org.codehaus.woodstox/stax2-api/4.2.1/a3f7325c52240418c2ba257b103c3c550e140c83/stax2-api-4.2.1.jar:/Users/cemakar/.gradle/caches/modules-2/files-2.1/org.xerial.snappy/snappy-java/1.1.10.5/ac605269f3598506196e469f1fb0d7ed5c55059e/snappy-java-1.1.10.5.jar:/Users/cemakar/.gradle/caches/modules-2/files-2.1/org.opentest4j/opentest4j/1.3.0/152ea56b3a72f655d4fd677fc0ef2596c3dd5e6e/opentest4j-1.3.0.jar:/Users/cemakar/.gradle/caches/modules-2/files-2.1/org.springframework.retry/spring-retry/2.0.6/812ca80eb5f418c679cb239d2d009c4bf075f3a/spring-retry-2.0.6.jar:/Users/cemakar/.gradle/caches/modules-2/files-2.1/io.micrometer/micrometer-commons/1.12.6/255ebef194f74428cce1a63d107812d97b15b199/micrometer-commons-1.12.6.jar:/Users/cemakar/.gradle/caches/modules-2/files-2.1/org.latencyutils/LatencyUtils/2.0.3/769c0b82cb2421c8256300e907298a9410a2a3d3/LatencyUtils-2.0.3.jar:/Users/cemakar/.gradle/caches/modules-2/files-2.1/org.springframework/spring-jcl/6.1.14/842b2b24a375efd79af436860d22ba4e0082ff4b/spring-jcl-6.1.14.jar:/Users/cemakar/.gradle/caches/modules-2/files-2.1/com.github.jnr/jnr-ffi/2.2.11/bcf004ce358c87fc4cd2853b658d336348d0370f/jnr-ffi-2.2.11.jar:/Users/cemakar/.gradle/caches/modules-2/files-2.1/com.github.jnr/jnr-constants/0.10.3/af19ec7359dd72cbc7869c00bf7cdfa4c308e985/jnr-constants-0.10.3.jar:/Users/cemakar/.gradle/caches/modules-2/files-2.1/org.apache.httpcomponents/httpcore/4.4.16/51cf043c87253c9f58b539c9f7e44c8894223850/httpcore-4.4.16.jar:/Users/cemakar/.gradle/caches/modules-2/files-2.1/org.apache.httpcomponents/httpasyncclient/4.1.5/cd18227f1eb8e9a263286c1d7362ceb24f6f9b32/httpasyncclient-4.1.5.jar:/Users/cemakar/.gradle/caches/modules-2/files-2.1/org.apache.httpcomponents/httpcore-nio/4.4.13/3f897ace4d7f10f0ea6a58f524a3b105dd483653/httpcore-nio-4.4.13.jar:/Users/cemakar/.gradle/caches/modules-2/files-2.1/commons-logging/commons-logging/1.3.0/f5e064b541f5c5fbc5e4fb49c4e8cd4eabb3afd6/commons-logging-1.3.0.jar:/Users/cemakar/.gradle/caches/modules-2/files-2.1/io.opentelemetry/opentelemetry-context/1.29.0/a4cf6857f268b9637ea330fffc70c1e6421d1d55/opentelemetry-context-1.29.0.jar:/Users/cemakar/.gradle/caches/modules-2/files-2.1/com.zaxxer/SparseBitSet/1.3/533eac055afe3d5f614ea95e333afd6c2bde8f26/SparseBitSet-1.3.jar:/Users/cemakar/.gradle/caches/modules-2/files-2.1/org.apache.parquet/parquet-format-structures/1.14.3/6ec1e4647f8664fe2cf8c85acba45e32c48759e3/parquet-format-structures-1.14.3.jar:/Users/cemakar/.gradle/caches/modules-2/files-2.1/org.apache.parquet/parquet-jackson/1.14.3/77ec97de89dbb160866e51b0b41c401168aeb2c9/parquet-jackson-1.14.3.jar:/Users/cemakar/.gradle/caches/modules-2/files-2.1/io.airlift/aircompressor/0.27/5b3b5e7932a1d088ad1f13d109ffd688ab59ef9d/aircompressor-0.27.jar:/Users/cemakar/.gradle/caches/modules-2/files-2.1/commons-pool/commons-pool/1.6/4572d589699f09d866a226a14b7f4323c6d8f040/commons-pool-1.6.jar:/Users/cemakar/.gradle/caches/modules-2/files-2.1/com.github.luben/zstd-jni/1.5.6-2/7ea07ff6458246670f00f711eb0c984dd70a9d67/zstd-jni-1.5.6-2.jar:/Users/cemakar/.gradle/caches/modules-2/files-2.1/com.google.guava/failureaccess/1.0/50bacb0bdbbeeda25142aff57e2214c402e1193c/failureaccess-1.0.jar:/Users/cemakar/.gradle/caches/modules-2/files-2.1/com.google.guava/listenablefuture/9999.0-empty-to-avoid-conflict-with-guava/b421526c5f297295adef1c886e5246c39d4ac629/listenablefuture-9999.0-empty-to-avoid-conflict-with-guava.jar:/Users/cemakar/.gradle/caches/modules-2/files-2.1/com.google.j2objc/j2objc-annotations/1.1/ed28ded51a8b1c6b112568def5f4b455e6809019/j2objc-annotations-1.1.jar:/Users/cemakar/.gradle/caches/modules-2/files-2.1/org.codehaus.mojo/animal-sniffer-annotations/1.17/f97ce6decaea32b36101e37979f8b647f00681fb/animal-sniffer-annotations-1.17.jar:/Users/cemakar/.gradle/caches/modules-2/files-2.1/com.sun.xml.bind/jaxb-impl/2.2.3-1/56baae106392040a45a06d4a41099173425da1e6/jaxb-impl-2.2.3-1.jar:/Users/cemakar/.gradle/caches/modules-2/files-2.1/org.apache.zookeeper/zookeeper-jute/3.8.4/de7b8a41bbe1ccdfc009de51fa6d160db3ca8025/zookeeper-jute-3.8.4.jar:/Users/cemakar/.gradle/caches/modules-2/files-2.1/org.apache.yetus/audience-annotations/0.12.0/e0efa60318229590103e31c69ebdaae56d903644/audience-annotations-0.12.0.jar:/Users/cemakar/.gradle/caches/modules-2/files-2.1/com.github.jnr/jffi/1.3.9/b776ea131fa693af2c943368b52acf94131cbd7/jffi-1.3.9.jar:/Users/cemakar/.gradle/caches/modules-2/files-2.1/com.github.jnr/jffi/1.3.9/163d683f80c06911f3e770c723d6e399e4c59448/jffi-1.3.9-native.jar:/Users/cemakar/.gradle/caches/modules-2/files-2.1/org.ow2.asm/asm-commons/9.2/f4d7f0fc9054386f2893b602454d48e07d4fbead/asm-commons-9.2.jar:/Users/cemakar/.gradle/caches/modules-2/files-2.1/org.ow2.asm/asm-util/9.2/fbc178fc5ba3dab50fd7e8a5317b8b647c8e8946/asm-util-9.2.jar:/Users/cemakar/.gradle/caches/modules-2/files-2.1/org.ow2.asm/asm-analysis/9.2/7487dd756daf96cab9986e44b9d7bcb796a61c10/asm-analysis-9.2.jar:/Users/cemakar/.gradle/caches/modules-2/files-2.1/org.ow2.asm/asm-tree/9.2/d96c99a30f5e1a19b0e609dbb19a44d8518ac01e/asm-tree-9.2.jar:/Users/cemakar/.gradle/caches/modules-2/files-2.1/org.ow2.asm/asm/9.2/81a03f76019c67362299c40e0ba13405f5467bff/asm-9.2.jar:/Users/cemakar/.gradle/caches/modules-2/files-2.1/com.github.jnr/jnr-a64asm/1.0.0/a1cb8dbe71b5a6a0288043c3ba3ca64545be165/jnr-a64asm-1.0.0.jar:/Users/cemakar/.gradle/caches/modules-2/files-2.1/com.github.jnr/jnr-x86asm/1.0.2/6936bbd6c5b235665d87bd450f5e13b52d4b48/jnr-x86asm-1.0.2.jar:/Users/cemakar/.gradle/caches/modules-2/files-2.1/javax.annotation/javax.annotation-api/1.3.2/934c04d3cfef185a8008e7bf34331b79730a9d43/javax.annotation-api-1.3.2.jar:/Users/cemakar/.gradle/caches/modules-2/files-2.1/javax.xml.bind/jaxb-api/2.2.2/aeb3021ca93dde265796d82015beecdcff95bf09/jaxb-api-2.2.2.jar:/Users/cemakar/.gradle/caches/modules-2/files-2.1/org.apache.kerby/kerby-asn1/2.0.3/71e4005a005c8c4476b959befdc1ad668fbbe758/kerby-asn1-2.0.3.jar:/Users/cemakar/.gradle/caches/modules-2/files-2.1/org.apache.kerby/kerby-util/2.0.3/f1e80545460c37fca6b2c18f02fa32f6040928f0/kerby-util-2.0.3.jar:/Users/cemakar/.gradle/caches/modules-2/files-2.1/javax.xml.stream/stax-api/1.0-2/d6337b0de8b25e53e81b922352fbea9f9f57ba0b/stax-api-1.0-2.jar:/Users/cemakar/.gradle/caches/modules-2/files-2.1/javax.activation/activation/1.1/e6cb541461c2834bdea3eb920f1884d1eb508b50/activation-1.1.jar:/Users/cemakar/.gradle/caches/8.9/transforms/a25bcce369cea82ec36a432a89c992fb/transformed/ideaIC-2024.3-aarch64/lib/platform-loader.jar:/Users/cemakar/.gradle/caches/8.9/transforms/a25bcce369cea82ec36a432a89c992fb/transformed/ideaIC-2024.3-aarch64/lib/util-8.jar:/Users/cemakar/.gradle/caches/8.9/transforms/a25bcce369cea82ec36a432a89c992fb/transformed/ideaIC-2024.3-aarch64/lib/util.jar:/Users/cemakar/.gradle/caches/8.9/transforms/a25bcce369cea82ec36a432a89c992fb/transformed/ideaIC-2024.3-aarch64/lib/app-client.jar:/Users/cemakar/.gradle/caches/8.9/transforms/a25bcce369cea82ec36a432a89c992fb/transformed/ideaIC-2024.3-aarch64/lib/util_rt.jar:/Users/cemakar/.gradle/caches/8.9/transforms/a25bcce369cea82ec36a432a89c992fb/transformed/ideaIC-2024.3-aarch64/lib/opentelemetry.jar:/Users/cemakar/.gradle/caches/8.9/transforms/a25bcce369cea82ec36a432a89c992fb/transformed/ideaIC-2024.3-aarch64/lib/app.jar:/Users/cemakar/.gradle/caches/8.9/transforms/a25bcce369cea82ec36a432a89c992fb/transformed/ideaIC-2024.3-aarch64/lib/lib-client.jar:/Users/cemakar/.gradle/caches/8.9/transforms/a25bcce369cea82ec36a432a89c992fb/transformed/ideaIC-2024.3-aarch64/lib/stats.jar:/Users/cemakar/.gradle/caches/8.9/transforms/a25bcce369cea82ec36a432a89c992fb/transformed/ideaIC-2024.3-aarch64/lib/jps-model.jar:/Users/cemakar/.gradle/caches/8.9/transforms/a25bcce369cea82ec36a432a89c992fb/transformed/ideaIC-2024.3-aarch64/lib/external-system-rt.jar:/Users/cemakar/.gradle/caches/8.9/transforms/a25bcce369cea82ec36a432a89c992fb/transformed/ideaIC-2024.3-aarch64/lib/rd.jar:/Users/cemakar/.gradle/caches/8.9/transforms/a25bcce369cea82ec36a432a89c992fb/transformed/ideaIC-2024.3-aarch64/lib/bouncy-castle.jar:/Users/cemakar/.gradle/caches/8.9/transforms/a25bcce369cea82ec36a432a89c992fb/transformed/ideaIC-2024.3-aarch64/lib/protobuf.jar:/Users/cemakar/.gradle/caches/8.9/transforms/a25bcce369cea82ec36a432a89c992fb/transformed/ideaIC-2024.3-aarch64/lib/intellij-test-discovery.jar:/Users/cemakar/.gradle/caches/8.9/transforms/a25bcce369cea82ec36a432a89c992fb/transformed/ideaIC-2024.3-aarch64/lib/forms_rt.jar:/Users/cemakar/.gradle/caches/8.9/transforms/a25bcce369cea82ec36a432a89c992fb/transformed/ideaIC-2024.3-aarch64/lib/lib.jar:/Users/cemakar/.gradle/caches/8.9/transforms/a25bcce369cea82ec36a432a89c992fb/transformed/ideaIC-2024.3-aarch64/lib/externalProcess-rt.jar:/Users/cemakar/.gradle/caches/8.9/transforms/a25bcce369cea82ec36a432a89c992fb/transformed/ideaIC-2024.3-aarch64/lib/groovy.jar:/Users/cemakar/.gradle/caches/8.9/transforms/a25bcce369cea82ec36a432a89c992fb/transformed/ideaIC-2024.3-aarch64/lib/annotations.jar:/Users/cemakar/.gradle/caches/8.9/transforms/a25bcce369cea82ec36a432a89c992fb/transformed/ideaIC-2024.3-aarch64/lib/idea_rt.jar:/Users/cemakar/.gradle/caches/8.9/transforms/a25bcce369cea82ec36a432a89c992fb/transformed/ideaIC-2024.3-aarch64/lib/jsch-agent.jar:/Users/cemakar/.gradle/caches/8.9/transforms/a25bcce369cea82ec36a432a89c992fb/transformed/ideaIC-2024.3-aarch64/lib/kotlinx-coroutines-slf4j-1.8.0-intellij.jar:/Users/cemakar/.gradle/caches/8.9/transforms/a25bcce369cea82ec36a432a89c992fb/transformed/ideaIC-2024.3-aarch64/lib/nio-fs.jar:/Users/cemakar/.gradle/caches/8.9/transforms/a25bcce369cea82ec36a432a89c992fb/transformed/ideaIC-2024.3-aarch64/lib/trove.jar:/Users/cemakar/.gradle/caches/8.9/transforms/a25bcce369cea82ec36a432a89c992fb/transformed/ideaIC-2024.3-aarch64/lib/modules/intellij.ide.startup.importSettings.jar:/Users/cemakar/.gradle/caches/8.9/transforms/a25bcce369cea82ec36a432a89c992fb/transformed/ideaIC-2024.3-aarch64/lib/modules/intellij.idea.customization.base.jar:/Users/cemakar/.gradle/caches/8.9/transforms/a25bcce369cea82ec36a432a89c992fb/transformed/ideaIC-2024.3-aarch64/lib/modules/intellij.kotlin.onboarding-promoter.jar:/Users/cemakar/.gradle/caches/8.9/transforms/a25bcce369cea82ec36a432a89c992fb/transformed/ideaIC-2024.3-aarch64/lib/modules/intellij.libraries.compose.desktop.jar:/Users/cemakar/.gradle/caches/8.9/transforms/a25bcce369cea82ec36a432a89c992fb/transformed/ideaIC-2024.3-aarch64/lib/modules/intellij.libraries.ktor.client.jar:/Users/cemakar/.gradle/caches/8.9/transforms/a25bcce369cea82ec36a432a89c992fb/transformed/ideaIC-2024.3-aarch64/lib/modules/intellij.libraries.ktor.client.cio.jar:/Users/cemakar/.gradle/caches/8.9/transforms/a25bcce369cea82ec36a432a89c992fb/transformed/ideaIC-2024.3-aarch64/lib/modules/intellij.libraries.microba.jar:/Users/cemakar/.gradle/caches/8.9/transforms/a25bcce369cea82ec36a432a89c992fb/transformed/ideaIC-2024.3-aarch64/lib/modules/intellij.libraries.skiko.jar:/Users/cemakar/.gradle/caches/8.9/transforms/a25bcce369cea82ec36a432a89c992fb/transformed/ideaIC-2024.3-aarch64/lib/modules/intellij.platform.clouds.jar:/Users/cemakar/.gradle/caches/8.9/transforms/a25bcce369cea82ec36a432a89c992fb/transformed/ideaIC-2024.3-aarch64/lib/modules/intellij.platform.collaborationTools.jar:/Users/cemakar/.gradle/caches/8.9/transforms/a25bcce369cea82ec36a432a89c992fb/transformed/ideaIC-2024.3-aarch64/lib/modules/intellij.platform.compose.jar:/Users/cemakar/.gradle/caches/8.9/transforms/a25bcce369cea82ec36a432a89c992fb/transformed/ideaIC-2024.3-aarch64/lib/modules/intellij.platform.coverage.jar:/Users/cemakar/.gradle/caches/8.9/transforms/a25bcce369cea82ec36a432a89c992fb/transformed/ideaIC-2024.3-aarch64/lib/modules/intellij.platform.coverage.agent.jar:/Users/cemakar/.gradle/caches/8.9/transforms/a25bcce369cea82ec36a432a89c992fb/transformed/ideaIC-2024.3-aarch64/lib/modules/intellij.platform.debugger.impl.backend.jar:/Users/cemakar/.gradle/caches/8.9/transforms/a25bcce369cea82ec36a432a89c992fb/transformed/ideaIC-2024.3-aarch64/lib/modules/intellij.platform.debugger.impl.frontend.jar:/Users/cemakar/.gradle/caches/8.9/transforms/a25bcce369cea82ec36a432a89c992fb/transformed/ideaIC-2024.3-aarch64/lib/modules/intellij.platform.diagnostic.freezeAnalyzer.jar:/Users/cemakar/.gradle/caches/8.9/transforms/a25bcce369cea82ec36a432a89c992fb/transformed/ideaIC-2024.3-aarch64/lib/modules/intellij.platform.diagnostic.freezes.jar:/Users/cemakar/.gradle/caches/8.9/transforms/a25bcce369cea82ec36a432a89c992fb/transformed/ideaIC-2024.3-aarch64/lib/modules/intellij.platform.execution.dashboard.jar:/Users/cemakar/.gradle/caches/8.9/transforms/a25bcce369cea82ec36a432a89c992fb/transformed/ideaIC-2024.3-aarch64/lib/modules/intellij.platform.execution.serviceView.jar:/Users/cemakar/.gradle/caches/8.9/transforms/a25bcce369cea82ec36a432a89c992fb/transformed/ideaIC-2024.3-aarch64/lib/modules/intellij.platform.experiment.jar:/Users/cemakar/.gradle/caches/8.9/transforms/a25bcce369cea82ec36a432a89c992fb/transformed/ideaIC-2024.3-aarch64/lib/modules/intellij.platform.frontend.jar:/Users/cemakar/.gradle/caches/8.9/transforms/a25bcce369cea82ec36a432a89c992fb/transformed/ideaIC-2024.3-aarch64/lib/modules/intellij.platform.ide.newUiOnboarding.jar:/Users/cemakar/.gradle/caches/8.9/transforms/a25bcce369cea82ec36a432a89c992fb/transformed/ideaIC-2024.3-aarch64/lib/modules/intellij.platform.ide.newUsersOnboarding.jar:/Users/cemakar/.gradle/caches/8.9/transforms/a25bcce369cea82ec36a432a89c992fb/transformed/ideaIC-2024.3-aarch64/lib/modules/intellij.platform.images.backend.svg.jar:/Users/cemakar/.gradle/caches/8.9/transforms/a25bcce369cea82ec36a432a89c992fb/transformed/ideaIC-2024.3-aarch64/lib/modules/intellij.platform.images.copyright.jar:/Users/cemakar/.gradle/caches/8.9/transforms/a25bcce369cea82ec36a432a89c992fb/transformed/ideaIC-2024.3-aarch64/lib/modules/intellij.platform.inline.completion.jar:/Users/cemakar/.gradle/caches/8.9/transforms/a25bcce369cea82ec36a432a89c992fb/transformed/ideaIC-2024.3-aarch64/lib/modules/intellij.platform.kernel.backend.jar:/Users/cemakar/.gradle/caches/8.9/transforms/a25bcce369cea82ec36a432a89c992fb/transformed/ideaIC-2024.3-aarch64/lib/modules/intellij.platform.lvcs.impl.jar:/Users/cemakar/.gradle/caches/8.9/transforms/a25bcce369cea82ec36a432a89c992fb/transformed/ideaIC-2024.3-aarch64/lib/modules/intellij.platform.navbar.jar:/Users/cemakar/.gradle/caches/8.9/transforms/a25bcce369cea82ec36a432a89c992fb/transformed/ideaIC-2024.3-aarch64/lib/modules/intellij.platform.navbar.backend.jar:/Users/cemakar/.gradle/caches/8.9/transforms/a25bcce369cea82ec36a432a89c992fb/transformed/ideaIC-2024.3-aarch64/lib/modules/intellij.platform.navbar.frontend.jar:/Users/cemakar/.gradle/caches/8.9/transforms/a25bcce369cea82ec36a432a89c992fb/transformed/ideaIC-2024.3-aarch64/lib/modules/intellij.platform.navbar.monolith.jar:/Users/cemakar/.gradle/caches/8.9/transforms/a25bcce369cea82ec36a432a89c992fb/transformed/ideaIC-2024.3-aarch64/lib/modules/intellij.platform.progress.backend.jar:/Users/cemakar/.gradle/caches/8.9/transforms/a25bcce369cea82ec36a432a89c992fb/transformed/ideaIC-2024.3-aarch64/lib/modules/intellij.platform.project.backend.jar:/Users/cemakar/.gradle/caches/8.9/transforms/a25bcce369cea82ec36a432a89c992fb/transformed/ideaIC-2024.3-aarch64/lib/modules/intellij.platform.rpc.backend.jar:/Users/cemakar/.gradle/caches/8.9/transforms/a25bcce369cea82ec36a432a89c992fb/transformed/ideaIC-2024.3-aarch64/lib/modules/intellij.platform.settings.local.jar:/Users/cemakar/.gradle/caches/8.9/transforms/a25bcce369cea82ec36a432a89c992fb/transformed/ideaIC-2024.3-aarch64/lib/modules/intellij.platform.smRunner.vcs.jar:/Users/cemakar/.gradle/caches/8.9/transforms/a25bcce369cea82ec36a432a89c992fb/transformed/ideaIC-2024.3-aarch64/lib/modules/intellij.platform.tips.jar:/Users/cemakar/.gradle/caches/8.9/transforms/a25bcce369cea82ec36a432a89c992fb/transformed/ideaIC-2024.3-aarch64/lib/modules/intellij.platform.vcs.dvcs.impl.jar:/Users/cemakar/.gradle/caches/8.9/transforms/a25bcce369cea82ec36a432a89c992fb/transformed/ideaIC-2024.3-aarch64/lib/modules/intellij.platform.vcs.impl.jar:/Users/cemakar/.gradle/caches/8.9/transforms/a25bcce369cea82ec36a432a89c992fb/transformed/ideaIC-2024.3-aarch64/lib/modules/intellij.platform.vcs.log.impl.jar:/Users/cemakar/.gradle/caches/8.9/transforms/a25bcce369cea82ec36a432a89c992fb/transformed/ideaIC-2024.3-aarch64/lib/modules/intellij.smart.update.jar:/Users/cemakar/.gradle/caches/8.9/transforms/a25bcce369cea82ec36a432a89c992fb/transformed/ideaIC-2024.3-aarch64/lib/modules/intellij.xml.xmlbeans.jar:/Users/cemakar/.gradle/wrapper/dists/gradle-8.9-bin/90cnw93cvbtalezasaz0blq0a/gradle-8.9/lib/plugins/junit-platform-engine-1.8.2.jar:/Users/cemakar/.gradle/wrapper/dists/gradle-8.9-bin/90cnw93cvbtalezasaz0blq0a/gradle-8.9/lib/plugins/junit-platform-launcher-1.8.2.jar:/Users/cemakar/.gradle/wrapper/dists/gradle-8.9-bin/90cnw93cvbtalezasaz0blq0a/gradle-8.9/lib/plugins/junit-platform-commons-1.8.2.jar
Launcher Type: SUN_STANDARD

[Global flags]
     intx CICompilerCount                          = 2                                         {product} {command line}
     uint ConcGCThreads                            = 2                                         {product} {ergonomic}
     bool EnableDynamicAgentLoading                = true                                      {product} {command line}
     uint G1ConcRefinementThreads                  = 9                                         {product} {ergonomic}
   size_t G1HeapRegionSize                         = 1048576                                   {product} {ergonomic}
    uintx GCDrainStackTargetSize                   = 64                                        {product} {ergonomic}
     bool HeapDumpOnOutOfMemoryError               = true                                   {manageable} {command line}
     bool IgnoreUnrecognizedVMOptions              = true                                      {product} {command line}
   size_t InitialHeapSize                          = 134217728                                 {product} {command line}
   size_t MarkStackSize                            = 4194304                                   {product} {ergonomic}
   size_t MaxHeapSize                              = 2147483648                                {product} {command line}
   size_t MaxNewSize                               = 1287651328                                {product} {ergonomic}
   size_t MinHeapDeltaBytes                        = 1048576                                   {product} {ergonomic}
   size_t MinHeapSize                              = 134217728                                 {product} {command line}
    uintx NonNMethodCodeHeapSize                   = 5826252                                {pd product} {ergonomic}
    uintx NonProfiledCodeHeapSize                  = 265522330                              {pd product} {ergonomic}
     bool OmitStackTraceInFastThrow                = false                                     {product} {command line}
    uintx ProfiledCodeHeapSize                     = 265522330                              {pd product} {ergonomic}
    uintx ReservedCodeCacheSize                    = 536870912                              {pd product} {command line}
     bool SegmentedCodeCache                       = true                                      {product} {ergonomic}
   size_t SoftMaxHeapSize                          = 2147483648                             {manageable} {ergonomic}
     intx TieredOldPercentage                      = 100000                                 {diagnostic} {command line}
     bool UnlockDiagnosticVMOptions                = true                                   {diagnostic} {command line}
     bool UseCompressedOops                        = true                           {product lp64_product} {ergonomic}
     bool UseG1GC                                  = true                                      {product} {ergonomic}
     bool UseNUMA                                  = false                                     {product} {ergonomic}
     bool UseNUMAInterleaving                      = false                                     {product} {ergonomic}

Logging:
Log output configuration:
 #0: stdout all=warning uptime,level,tags foldmultilines=false
 #1: stderr all=off uptime,level,tags foldmultilines=false

Environment Variables:
JAVA_HOME=/Users/cemakar/Desktop/softwaretools/jdk-17.0.15.jdk/Contents/Home
PATH=/Users/cemakar/.local/bin:~/.local/bin:/Users/cemakar/.local/bin:/Users/cemakar/.bun/bin:/Users/cemakar/Library/Application Support/Herd/bin/:/Users/cemakar/.nvm/versions/node/v18.20.8/bin:/Users/cemakar/Desktop/softwaretools/jdk-17.0.15.jdk/Contents/Home/bin:/Users/cemakar/Desktop/softwaretools/apache-maven-3.9.9/bin:/opt/homebrew/bin:/opt/homebrew/sbin:/usr/local/bin:/System/Cryptexes/App/usr/bin:/usr/bin:/bin:/usr/sbin:/sbin:/var/run/com.apple.security.cryptexd/codex.system/bootstrap/usr/local/bin:/var/run/com.apple.security.cryptexd/codex.system/bootstrap/usr/bin:/var/run/com.apple.security.cryptexd/codex.system/bootstrap/usr/appleinternal/bin:/Users/cemakar/Library/Application Support/JetBrains/Toolbox/scripts:/Users/cemakar/go/bin:/Users/cemakar/go/bin:/Users/cemakar/go/bin:/Users/cemakar/.claude/plugins/cache/claude-plugins-official/gopls-lsp/1.0.0/bin
SHELL=/bin/zsh
LC_CTYPE=UTF-8
TERM=xterm-256color
TMPDIR=/var/folders/4c/ttqt_rcs3yqc0mgwn622c3_r0000gn/T/

Active Locale:
LC_ALL=C/UTF-8/C/C/C/C
LC_COLLATE=C
LC_CTYPE=UTF-8
LC_MESSAGES=C
LC_MONETARY=C
LC_NUMERIC=C
LC_TIME=C

Signal Handlers:
   SIGSEGV: crash_handler in libjvm.dylib, mask=11100110000111110111111111111111, flags=SA_ONSTACK|SA_RESTART|SA_SIGINFO, unblocked
    SIGBUS: crash_handler in libjvm.dylib, mask=11100110000111110111111111111111, flags=SA_RESTART|SA_SIGINFO, unblocked
    SIGFPE: crash_handler in libjvm.dylib, mask=11100110000111110111111111111111, flags=SA_RESTART|SA_SIGINFO, unblocked
   SIGPIPE: javaSignalHandler in libjvm.dylib, mask=11100110000111110111111111111111, flags=SA_RESTART|SA_SIGINFO, blocked
   SIGXFSZ: javaSignalHandler in libjvm.dylib, mask=11100110000111110111111111111111, flags=SA_RESTART|SA_SIGINFO, blocked
    SIGILL: crash_handler in libjvm.dylib, mask=11100110000111110111111111111111, flags=SA_RESTART|SA_SIGINFO, unblocked
   SIGUSR2: SR_handler in libjvm.dylib, mask=00100000000000000000000000000000, flags=SA_RESTART|SA_SIGINFO, blocked
    SIGHUP: UserHandler in libjvm.dylib, mask=11100110000111110111111111111111, flags=SA_RESTART|SA_SIGINFO, blocked
    SIGINT: UserHandler in libjvm.dylib, mask=11100110000111110111111111111111, flags=SA_RESTART|SA_SIGINFO, blocked
   SIGTERM: UserHandler in libjvm.dylib, mask=11100110000111110111111111111111, flags=SA_RESTART|SA_SIGINFO, blocked
   SIGQUIT: UserHandler in libjvm.dylib, mask=11100110000111110111111111111111, flags=SA_RESTART|SA_SIGINFO, blocked
   SIGTRAP: crash_handler in libjvm.dylib, mask=11100110000111110111111111111111, flags=SA_RESTART|SA_SIGINFO, unblocked


Periodic native trim disabled

JNI global refs:
JNI global refs: 10, weak refs: 0

JNI global refs memory usage: 835, weak refs: 833

Process memory usage:
Resident Set Size: 145472K (0% of 25165824K total physical memory with 110688K free physical memory)

OOME stack traces (most recent first):
Classloader memory used:
Loader bootstrap                                                                       : 1382K
Loader jdk.internal.loader.ClassLoaders$AppClassLoader                                 : 386K
Loader com.intellij.util.lang.PathClassLoader                                          : 57928B

---------------  S Y S T E M  ---------------

OS:
uname: Darwin 24.6.0 Darwin Kernel Version 24.6.0: Mon Jan 19 22:01:41 PST 2026; root:xnu-11417.140.69.708.3~1/RELEASE_ARM64_T8132 arm64
OS uptime: 2 days 17:12 hours
rlimit (soft/hard): STACK 8176k/65520k , CORE 0k/infinity , NPROC 4000/6000 , NOFILE 10240/infinity , AS infinity/infinity , CPU infinity/infinity , DATA infinity/infinity , FSIZE infinity/infinity , MEMLOCK infinity/infinity , RSS infinity/infinity
load average: 2.91 2.28 2.21

CPU: total 10 (initial active 10) 0x61:0x0:0x6f5129ac:0, fp, asimd, aes, pmull, sha1, sha256, crc32, lse, sha3, sha512
machdep.cpu.brand_string:Apple M4
hw.cachelinesize:128
hw.l1icachesize:131072
hw.l1dcachesize:65536
hw.l2cachesize:4194304

Memory: 16k page, physical 25165824k(110688k free), swap 0k(0k free)

vm_info: OpenJDK 64-Bit Server VM (21.0.5+8-b631.16) for bsd-aarch64 JRE (21.0.5+8-b631.16), built on 2024-11-02 by "builduser" with clang Apple LLVM 14.0.3 (clang-1403.0.22.14.1)

END.
